,CreatedBy,CreatedDate,Date,IndexVTId,IsLongReturn,LastModifiedBy,LastModifiedDate,NomuraReturnId,ReturnValue,Ticker
0,,0001-01-01T00:00:00,2018-05-02,Fx:US:XX:XX:X:XX:X2BU:XXXX:JP,False,,,0,0.0,JTRDEFXU
1,,0001-01-01T00:00:00,2018-05-03,Fx:US:XX:XX:X:XX:X2BU:XXXX:JP,False,,,0,3.7002432909000005e-05,JTRDEFXU
2,,0001-01-01T00:00:00,2018-05-04,Fx:US:XX:XX:X:XX:X2BU:XXXX:JP,False,,,0,0.00012947497896,JTRDEFXU
3,,0001-01-01T00:00:00,2018-05-07,Fx:US:XX:XX:X:XX:X2BU:XXXX:JP,False,,,0,9.239838487600001e-05,JTRDEFXU
4,,0001-01-01T00:00:00,2018-05-08,Fx:US:XX:XX:X:XX:X2BU:XXXX:JP,False,,,0,0.00034165304671400005,JTRDEFXU
5,,0001-01-01T00:00:00,2018-05-09,Fx:US:XX:XX:X:XX:X2BU:XXXX:JP,False,,,0,0.0,JTRDEFXU
6,,0001-01-01T00:00:00,2018-05-10,Fx:US:XX:XX:X:XX:X2BU:XXXX:JP,False,,,0,-0.00011975385975900001,JTRDEFXU
7,,0001-01-01T00:00:00,2018-05-11,Fx:US:XX:XX:X:XX:X2BU:XXXX:JP,False,,,0,-0.00035956299267000003,JTRDEFXU
8,,0001-01-01T00:00:00,2018-05-14,Fx:US:XX:XX:X:XX:X2BU:XXXX:JP,False,,,0,-0.000138642413487,JTRDEFXU
9,,0001-01-01T00:00:00,2018-05-15,Fx:US:XX:XX:X:XX:X2BU:XXXX:JP,False,,,0,0.0006106192234030001,JTRDEFXU
10,,0001-01-01T00:00:00,2018-05-16,Fx:US:XX:XX:X:XX:X2BU:XXXX:JP,False,,,0,0.00043298418225800006,JTRDEFXU
11,,0001-01-01T00:00:00,2018-05-17,Fx:US:XX:XX:X:XX:X2BU:XXXX:JP,False,,,0,-1.8369183857e-05,JTRDEFXU
12,,0001-01-01T00:00:00,2018-05-18,Fx:US:XX:XX:X:XX:X2BU:XXXX:JP,False,,,0,0.000128600823045,JTRDEFXU
13,,0001-01-01T00:00:00,2018-05-21,Fx:US:XX:XX:X:XX:X2BU:XXXX:JP,False,,,0,0.00011930764853800001,JTRDEFXU
14,,0001-01-01T00:00:00,2018-05-22,Fx:US:XX:XX:X:XX:X2BU:XXXX:JP,False,,,0,-0.000128377944669,JTRDEFXU
15,,0001-01-01T00:00:00,2018-05-23,Fx:US:XX:XX:X:XX:X2BU:XXXX:JP,False,,,0,0.000394658345188,JTRDEFXU
16,,0001-01-01T00:00:00,2018-05-24,Fx:US:XX:XX:X:XX:X2BU:XXXX:JP,False,,,0,-9.152815406000001e-05,JTRDEFXU
17,,0001-01-01T00:00:00,2018-05-25,Fx:US:XX:XX:X:XX:X2BU:XXXX:JP,False,,,0,0.00039382338395,JTRDEFXU
18,,0001-01-01T00:00:00,2018-05-28,Fx:US:XX:XX:X:XX:X2BU:XXXX:JP,False,,,0,0.00020093709755400002,JTRDEFXU
19,,0001-01-01T00:00:00,2018-05-29,Fx:US:XX:XX:X:XX:X2BU:XXXX:JP,False,,,0,0.000328344323747,JTRDEFXU
20,,0001-01-01T00:00:00,2018-05-30,Fx:US:XX:XX:X:XX:X2BU:XXXX:JP,False,,,0,-0.000272992820288,JTRDEFXU
21,,0001-01-01T00:00:00,2018-05-31,Fx:US:XX:XX:X:XX:X2BU:XXXX:JP,False,,,0,-0.000337335776738,JTRDEFXU
22,,0001-01-01T00:00:00,2018-06-01,Fx:US:XX:XX:X:XX:X2BU:XXXX:JP,False,,,0,6.397134083900001e-05,JTRDEFXU
23,,0001-01-01T00:00:00,2018-06-04,Fx:US:XX:XX:X:XX:X2BU:XXXX:JP,False,,,0,0.0,JTRDEFXU
24,,0001-01-01T00:00:00,2018-06-05,Fx:US:XX:XX:X:XX:X2BU:XXXX:JP,False,,,0,0.0,JTRDEFXU
25,,0001-01-01T00:00:00,2018-06-06,Fx:US:XX:XX:X:XX:X2BU:XXXX:JP,False,,,0,0.0,JTRDEFXU
26,,0001-01-01T00:00:00,2018-06-07,Fx:US:XX:XX:X:XX:X2BU:XXXX:JP,False,,,0,0.0,JTRDEFXU
27,,0001-01-01T00:00:00,2018-06-08,Fx:US:XX:XX:X:XX:X2BU:XXXX:JP,False,,,0,0.0007216391256290001,JTRDEFXU
28,,0001-01-01T00:00:00,2018-06-11,Fx:US:XX:XX:X:XX:X2BU:XXXX:JP,False,,,0,-0.00048170432443200004,JTRDEFXU
29,,0001-01-01T00:00:00,2018-06-12,Fx:US:XX:XX:X:XX:X2BU:XXXX:JP,False,,,0,0.00025534631343700003,JTRDEFXU
30,,0001-01-01T00:00:00,2018-06-13,Fx:US:XX:XX:X:XX:X2BU:XXXX:JP,False,,,0,0.000163858317175,JTRDEFXU
31,,0001-01-01T00:00:00,2018-06-14,Fx:US:XX:XX:X:XX:X2BU:XXXX:JP,False,,,0,0.0015184993225850001,JTRDEFXU
32,,0001-01-01T00:00:00,2018-06-15,Fx:US:XX:XX:X:XX:X2BU:XXXX:JP,False,,,0,0.000404872869918,JTRDEFXU
33,,0001-01-01T00:00:00,2018-06-18,Fx:US:XX:XX:X:XX:X2BU:XXXX:JP,False,,,0,0.0,JTRDEFXU
34,,0001-01-01T00:00:00,2018-06-19,Fx:US:XX:XX:X:XX:X2BU:XXXX:JP,False,,,0,0.0,JTRDEFXU
35,,0001-01-01T00:00:00,2018-06-20,Fx:US:XX:XX:X:XX:X2BU:XXXX:JP,False,,,0,0.0,JTRDEFXU
36,,0001-01-01T00:00:00,2018-06-21,Fx:US:XX:XX:X:XX:X2BU:XXXX:JP,False,,,0,0.0,JTRDEFXU
37,,0001-01-01T00:00:00,2018-06-22,Fx:US:XX:XX:X:XX:X2BU:XXXX:JP,False,,,0,0.0,JTRDEFXU
38,,0001-01-01T00:00:00,2018-06-25,Fx:US:XX:XX:X:XX:X2BU:XXXX:JP,False,,,0,0.0,JTRDEFXU
39,,0001-01-01T00:00:00,2018-06-26,Fx:US:XX:XX:X:XX:X2BU:XXXX:JP,False,,,0,0.0,JTRDEFXU
40,,0001-01-01T00:00:00,2018-06-27,Fx:US:XX:XX:X:XX:X2BU:XXXX:JP,False,,,0,0.0,JTRDEFXU
41,,0001-01-01T00:00:00,2018-06-28,Fx:US:XX:XX:X:XX:X2BU:XXXX:JP,False,,,0,0.0,JTRDEFXU
42,,0001-01-01T00:00:00,2018-06-29,Fx:US:XX:XX:X:XX:X2BU:XXXX:JP,False,,,0,0.0,JTRDEFXU
43,,0001-01-01T00:00:00,2018-07-02,Fx:US:XX:XX:X:XX:X2BU:XXXX:JP,False,,,0,0.0,JTRDEFXU
44,,0001-01-01T00:00:00,2018-07-03,Fx:US:XX:XX:X:XX:X2BU:XXXX:JP,False,,,0,-0.00046653089421400004,JTRDEFXU
45,,0001-01-01T00:00:00,2018-07-04,Fx:US:XX:XX:X:XX:X2BU:XXXX:JP,False,,,0,6.3008002016e-05,JTRDEFXU
46,,0001-01-01T00:00:00,2018-07-05,Fx:US:XX:XX:X:XX:X2BU:XXXX:JP,False,,,0,-0.0006028107174340001,JTRDEFXU
47,,0001-01-01T00:00:00,2018-07-06,Fx:US:XX:XX:X:XX:X2BU:XXXX:JP,False,,,0,-0.000578259258924,JTRDEFXU
48,,0001-01-01T00:00:00,2018-07-09,Fx:US:XX:XX:X:XX:X2BU:XXXX:JP,False,,,0,-9.072022788000001e-06,JTRDEFXU
49,,0001-01-01T00:00:00,2018-07-10,Fx:US:XX:XX:X:XX:X2BU:XXXX:JP,False,,,0,0.00042641215002400004,JTRDEFXU
50,,0001-01-01T00:00:00,2018-07-11,Fx:US:XX:XX:X:XX:X2BU:XXXX:JP,False,,,0,0.0,JTRDEFXU
51,,0001-01-01T00:00:00,2018-07-12,Fx:US:XX:XX:X:XX:X2BU:XXXX:JP,False,,,0,0.0,JTRDEFXU
52,,0001-01-01T00:00:00,2018-07-13,Fx:US:XX:XX:X:XX:X2BU:XXXX:JP,False,,,0,0.0,JTRDEFXU
53,,0001-01-01T00:00:00,2018-07-16,Fx:US:XX:XX:X:XX:X2BU:XXXX:JP,False,,,0,0.0,JTRDEFXU
54,,0001-01-01T00:00:00,2018-07-17,Fx:US:XX:XX:X:XX:X2BU:XXXX:JP,False,,,0,0.0,JTRDEFXU
55,,0001-01-01T00:00:00,2018-07-18,Fx:US:XX:XX:X:XX:X2BU:XXXX:JP,False,,,0,0.000226139971596,JTRDEFXU
56,,0001-01-01T00:00:00,2018-07-19,Fx:US:XX:XX:X:XX:X2BU:XXXX:JP,False,,,0,0.00017159474739400003,JTRDEFXU
57,,0001-01-01T00:00:00,2018-07-20,Fx:US:XX:XX:X:XX:X2BU:XXXX:JP,False,,,0,-0.000505146176674,JTRDEFXU
58,,0001-01-01T00:00:00,2018-07-23,Fx:US:XX:XX:X:XX:X2BU:XXXX:JP,False,,,0,1.810495442e-05,JTRDEFXU
59,,0001-01-01T00:00:00,2018-07-24,Fx:US:XX:XX:X:XX:X2BU:XXXX:JP,False,,,0,0.0,JTRDEFXU
60,,0001-01-01T00:00:00,2018-07-25,Fx:US:XX:XX:X:XX:X2BU:XXXX:JP,False,,,0,0.00017197527176600002,JTRDEFXU
61,,0001-01-01T00:00:00,2018-07-26,Fx:US:XX:XX:X:XX:X2BU:XXXX:JP,False,,,0,9.040446959600001e-05,JTRDEFXU
62,,0001-01-01T00:00:00,2018-07-27,Fx:US:XX:XX:X:XX:X2BU:XXXX:JP,False,,,0,4.5173647500000004e-05,JTRDEFXU
63,,0001-01-01T00:00:00,2018-07-30,Fx:US:XX:XX:X:XX:X2BU:XXXX:JP,False,,,0,-0.000316115571853,JTRDEFXU
64,,0001-01-01T00:00:00,2018-07-31,Fx:US:XX:XX:X:XX:X2BU:XXXX:JP,False,,,0,6.3363325307e-05,JTRDEFXU
65,,0001-01-01T00:00:00,2018-08-01,Fx:US:XX:XX:X:XX:X2BU:XXXX:JP,False,,,0,0.000153814138233,JTRDEFXU
66,,0001-01-01T00:00:00,2018-08-02,Fx:US:XX:XX:X:XX:X2BU:XXXX:JP,False,,,0,0.00038864084163300005,JTRDEFXU
67,,0001-01-01T00:00:00,2018-08-03,Fx:US:XX:XX:X:XX:X2BU:XXXX:JP,False,,,0,0.000135204564506,JTRDEFXU
68,,0001-01-01T00:00:00,2018-08-06,Fx:US:XX:XX:X:XX:X2BU:XXXX:JP,False,,,0,0.000207117642821,JTRDEFXU
69,,0001-01-01T00:00:00,2018-08-07,Fx:US:XX:XX:X:XX:X2BU:XXXX:JP,False,,,0,-0.000206817793523,JTRDEFXU
70,,0001-01-01T00:00:00,2018-08-08,Fx:US:XX:XX:X:XX:X2BU:XXXX:JP,False,,,0,-6.303580433600001e-05,JTRDEFXU
71,,0001-01-01T00:00:00,2018-08-09,Fx:US:XX:XX:X:XX:X2BU:XXXX:JP,False,,,0,0.00019819998378300003,JTRDEFXU
72,,0001-01-01T00:00:00,2018-08-10,Fx:US:XX:XX:X:XX:X2BU:XXXX:JP,False,,,0,0.0,JTRDEFXU
73,,0001-01-01T00:00:00,2018-08-13,Fx:US:XX:XX:X:XX:X2BU:XXXX:JP,False,,,0,0.0,JTRDEFXU
74,,0001-01-01T00:00:00,2018-08-14,Fx:US:XX:XX:X:XX:X2BU:XXXX:JP,False,,,0,0.0,JTRDEFXU
75,,0001-01-01T00:00:00,2018-08-15,Fx:US:XX:XX:X:XX:X2BU:XXXX:JP,False,,,0,0.000386854155983,JTRDEFXU
76,,0001-01-01T00:00:00,2018-08-16,Fx:US:XX:XX:X:XX:X2BU:XXXX:JP,False,,,0,-0.00048450481813100003,JTRDEFXU
77,,0001-01-01T00:00:00,2018-08-17,Fx:US:XX:XX:X:XX:X2BU:XXXX:JP,False,,,0,-9.9031293888e-05,JTRDEFXU
78,,0001-01-01T00:00:00,2018-08-20,Fx:US:XX:XX:X:XX:X2BU:XXXX:JP,False,,,0,-0.00014414544275100002,JTRDEFXU
79,,0001-01-01T00:00:00,2018-08-21,Fx:US:XX:XX:X:XX:X2BU:XXXX:JP,False,,,0,-0.0005320731916270001,JTRDEFXU
80,,0001-01-01T00:00:00,2018-08-22,Fx:US:XX:XX:X:XX:X2BU:XXXX:JP,False,,,0,-0.000488802795227,JTRDEFXU
81,,0001-01-01T00:00:00,2018-08-23,Fx:US:XX:XX:X:XX:X2BU:XXXX:JP,False,,,0,0.00015441069611900002,JTRDEFXU
82,,0001-01-01T00:00:00,2018-08-24,Fx:US:XX:XX:X:XX:X2BU:XXXX:JP,False,,,0,-0.00031756113051700004,JTRDEFXU
83,,0001-01-01T00:00:00,2018-08-27,Fx:US:XX:XX:X:XX:X2BU:XXXX:JP,False,,,0,0.0,JTRDEFXU
84,,0001-01-01T00:00:00,2018-08-28,Fx:US:XX:XX:X:XX:X2BU:XXXX:JP,False,,,0,0.0,JTRDEFXU
85,,0001-01-01T00:00:00,2018-08-29,Fx:US:XX:XX:X:XX:X2BU:XXXX:JP,False,,,0,0.0,JTRDEFXU
86,,0001-01-01T00:00:00,2018-08-30,Fx:US:XX:XX:X:XX:X2BU:XXXX:JP,False,,,0,0.0,JTRDEFXU
87,,0001-01-01T00:00:00,2018-08-31,Fx:US:XX:XX:X:XX:X2BU:XXXX:JP,False,,,0,0.0,JTRDEFXU
88,,0001-01-01T00:00:00,2018-09-03,Fx:US:XX:XX:X:XX:X2BU:XXXX:JP,False,,,0,-5.456033463600001e-05,JTRDEFXU
89,,0001-01-01T00:00:00,2018-09-04,Fx:US:XX:XX:X:XX:X2BU:XXXX:JP,False,,,0,-0.00044574630667300005,JTRDEFXU
90,,0001-01-01T00:00:00,2018-09-05,Fx:US:XX:XX:X:XX:X2BU:XXXX:JP,False,,,0,0.000428890815348,JTRDEFXU
91,,0001-01-01T00:00:00,2018-09-06,Fx:US:XX:XX:X:XX:X2BU:XXXX:JP,False,,,0,2.7294066270000002e-05,JTRDEFXU
92,,0001-01-01T00:00:00,2018-09-07,Fx:US:XX:XX:X:XX:X2BU:XXXX:JP,False,,,0,0.00029108109337300003,JTRDEFXU
93,,0001-01-01T00:00:00,2018-09-10,Fx:US:XX:XX:X:XX:X2BU:XXXX:JP,False,,,0,-0.000118011238301,JTRDEFXU
94,,0001-01-01T00:00:00,2018-09-11,Fx:US:XX:XX:X:XX:X2BU:XXXX:JP,False,,,0,0.00011810880546500001,JTRDEFXU
95,,0001-01-01T00:00:00,2018-09-12,Fx:US:XX:XX:X:XX:X2BU:XXXX:JP,False,,,0,-0.00023602247660100002,JTRDEFXU
96,,0001-01-01T00:00:00,2018-09-13,Fx:US:XX:XX:X:XX:X2BU:XXXX:JP,False,,,0,-0.000290969930076,JTRDEFXU
97,,0001-01-01T00:00:00,2018-09-14,Fx:US:XX:XX:X:XX:X2BU:XXXX:JP,False,,,0,0.0,JTRDEFXU
98,,0001-01-01T00:00:00,2018-09-17,Fx:US:XX:XX:X:XX:X2BU:XXXX:JP,False,,,0,0.0,JTRDEFXU
99,,0001-01-01T00:00:00,2018-09-18,Fx:US:XX:XX:X:XX:X2BU:XXXX:JP,False,,,0,-0.00010933641905000001,JTRDEFXU
100,,0001-01-01T00:00:00,2018-09-19,Fx:US:XX:XX:X:XX:X2BU:XXXX:JP,False,,,0,0.0,JTRDEFXU
101,,0001-01-01T00:00:00,2018-09-20,Fx:US:XX:XX:X:XX:X2BU:XXXX:JP,False,,,0,0.0,JTRDEFXU
102,,0001-01-01T00:00:00,2018-09-21,Fx:US:XX:XX:X:XX:X2BU:XXXX:JP,False,,,0,0.0,JTRDEFXU
103,,0001-01-01T00:00:00,2018-09-24,Fx:US:XX:XX:X:XX:X2BU:XXXX:JP,False,,,0,0.0,JTRDEFXU
104,,0001-01-01T00:00:00,2018-09-25,Fx:US:XX:XX:X:XX:X2BU:XXXX:JP,False,,,0,0.0,JTRDEFXU
105,,0001-01-01T00:00:00,2018-09-26,Fx:US:XX:XX:X:XX:X2BU:XXXX:JP,False,,,0,0.0,JTRDEFXU
106,,0001-01-01T00:00:00,2018-09-27,Fx:US:XX:XX:X:XX:X2BU:XXXX:JP,False,,,0,0.0,JTRDEFXU
107,,0001-01-01T00:00:00,2018-09-28,Fx:US:XX:XX:X:XX:X2BU:XXXX:JP,False,,,0,0.0,JTRDEFXU
108,,0001-01-01T00:00:00,2018-10-01,Fx:US:XX:XX:X:XX:X2BU:XXXX:JP,False,,,0,-0.00039208892212,JTRDEFXU
109,,0001-01-01T00:00:00,2018-10-01,Fx:US:XX:XX:X:XX:X2BU:XXXX:JP,False,,,0,0.00029301453352,JTRDGFXU
110,,0001-01-01T00:00:00,2018-10-01,Fx:US:XX:XX:X:XX:X2BU:XXXX:JP,False,,,0,-0.00025064122379700004,JTRDGFXU
111,,0001-01-01T00:00:00,2018-10-01,Fx:US:XX:XX:X:XX:X2BU:XXXX:JP,False,,,0,-0.00038499200723100005,JTRDGFXU
112,,0001-01-01T00:00:00,2018-10-01,Fx:US:XX:XX:X:XX:X2BU:XXXX:JP,False,,,0,-0.00019301617139800002,JTRDGFXU
113,,0001-01-01T00:00:00,2018-10-01,Fx:US:XX:XX:X:XX:X2BU:XXXX:JP,False,,,0,-5.0420168067e-05,JTRDGFXU
114,,0001-01-01T00:00:00,2018-10-01,Fx:US:XX:XX:X:XX:X2BU:XXXX:JP,False,,,0,0.00033625313135700005,JTRDGFXU
115,,0001-01-01T00:00:00,2018-10-01,Fx:US:XX:XX:X:XX:X2BU:XXXX:JP,False,,,0,-0.00018450493970000002,JTRDGFXU
116,,0001-01-01T00:00:00,2018-10-01,Fx:US:XX:XX:X:XX:X2BU:XXXX:JP,False,,,0,-0.00015955124114000002,JTRDGFXU
117,,0001-01-01T00:00:00,2018-10-01,Fx:US:XX:XX:X:XX:X2BU:XXXX:JP,False,,,0,0.0,JTRDGFXU
118,,0001-01-01T00:00:00,2018-10-01,Fx:US:XX:XX:X:XX:X2BU:XXXX:JP,False,,,0,0.0,JTRDGFXU
119,,0001-01-01T00:00:00,2018-10-01,Fx:US:XX:XX:X:XX:X2BU:XXXX:JP,False,,,0,0.0,JTRDGFXU
120,,0001-01-01T00:00:00,2018-10-01,Fx:US:XX:XX:X:XX:X2BU:XXXX:JP,False,,,0,0.0,JTRDGFXU
121,,0001-01-01T00:00:00,2018-10-01,Fx:US:XX:XX:X:XX:X2BU:XXXX:JP,False,,,0,0.0,JTRDGFXU
122,,0001-01-01T00:00:00,2018-10-01,Fx:US:XX:XX:X:XX:X2BU:XXXX:JP,False,,,0,0.0,JTRDGFXU
123,,0001-01-01T00:00:00,2018-10-01,Fx:US:XX:XX:X:XX:X2BU:XXXX:JP,False,,,0,0.0,JTRDGFXU
124,,0001-01-01T00:00:00,2018-10-01,Fx:US:XX:XX:X:XX:X2BU:XXXX:JP,False,,,0,0.0,JTRDGFXU
125,,0001-01-01T00:00:00,2018-10-01,Fx:US:XX:XX:X:XX:X2BU:XXXX:JP,False,,,0,0.0,JTRDGFXU
126,,0001-01-01T00:00:00,2018-10-01,Fx:US:XX:XX:X:XX:X2BU:XXXX:JP,False,,,0,0.0,JTRDGFXU
127,,0001-01-01T00:00:00,2018-10-01,Fx:US:XX:XX:X:XX:X2BU:XXXX:JP,False,,,0,-0.00042874797185300003,JTRDGFXU
128,,0001-01-01T00:00:00,2018-10-01,Fx:US:XX:XX:X:XX:X2BU:XXXX:JP,False,,,0,-0.000210803244683,JTRDGFXU
129,,0001-01-01T00:00:00,2018-10-01,Fx:US:XX:XX:X:XX:X2BU:XXXX:JP,False,,,0,-0.00038000658678000003,JTRDGFXU
130,,0001-01-01T00:00:00,2018-10-01,Fx:US:XX:XX:X:XX:X2BU:XXXX:JP,False,,,0,0.0,JTRDGFXU
131,,0001-01-01T00:00:00,2018-10-01,Fx:US:XX:XX:X:XX:X2BU:XXXX:JP,False,,,0,0.00012700670595400002,JTRDGFXU
132,,0001-01-01T00:00:00,2018-10-01,Fx:US:XX:XX:X:XX:X2BU:XXXX:JP,False,,,0,-4.2297963776000005e-05,JTRDGFXU
133,,0001-01-01T00:00:00,2018-10-01,Fx:US:XX:XX:X:XX:X2BU:XXXX:JP,False,,,0,0.00039771861830800004,JTRDGFXU
134,,0001-01-01T00:00:00,2018-10-01,Fx:US:XX:XX:X:XX:X2BU:XXXX:JP,False,,,0,-0.00045568466621,JTRDGFXU
135,,0001-01-01T00:00:00,2018-10-01,Fx:US:XX:XX:X:XX:X2BU:XXXX:JP,False,,,0,0.000448677248677,JTRDGFXU
136,,0001-01-01T00:00:00,2018-10-01,Fx:US:XX:XX:X:XX:X2BU:XXXX:JP,False,,,0,0.00021097758574100002,JTRDGFXU
137,,0001-01-01T00:00:00,2018-10-01,Fx:US:XX:XX:X:XX:X2BU:XXXX:JP,False,,,0,-0.000235946440158,JTRDGFXU
138,,0001-01-01T00:00:00,2018-10-01,Fx:US:XX:XX:X:XX:X2BU:XXXX:JP,False,,,0,-0.000160371386368,JTRDGFXU
139,,0001-01-01T00:00:00,2018-10-01,Fx:US:XX:XX:X:XX:X2BU:XXXX:JP,False,,,0,-0.00012675128018700002,JTRDGFXU
140,,0001-01-01T00:00:00,2018-10-01,Fx:US:XX:XX:X:XX:X2BU:XXXX:JP,False,,,0,-6.7660715342e-05,JTRDGFXU
141,,0001-01-01T00:00:00,2018-10-01,Fx:US:XX:XX:X:XX:X2BU:XXXX:JP,False,,,0,-0.00041461825504900005,JTRDGFXU
142,,0001-01-01T00:00:00,2018-10-01,Fx:US:XX:XX:X:XX:X2BU:XXXX:JP,False,,,0,0.000118807175953,JTRDGFXU
143,,0001-01-01T00:00:00,2018-10-01,Fx:US:XX:XX:X:XX:X2BU:XXXX:JP,False,,,0,0.00036460453127100005,JTRDGFXU
144,,0001-01-01T00:00:00,2018-10-01,Fx:US:XX:XX:X:XX:X2BU:XXXX:JP,False,,,0,0.0,JTRDGFXU
145,,0001-01-01T00:00:00,2018-10-01,Fx:US:XX:XX:X:XX:X2BU:XXXX:JP,False,,,0,0.0,JTRDGFXU
146,,0001-01-01T00:00:00,2018-10-01,Fx:US:XX:XX:X:XX:X2BU:XXXX:JP,False,,,0,0.0,JTRDGFXU
147,,0001-01-01T00:00:00,2018-10-01,Fx:US:XX:XX:X:XX:X2BU:XXXX:JP,False,,,0,0.0,JTRDGFXU
148,,0001-01-01T00:00:00,2018-10-01,Fx:US:XX:XX:X:XX:X2BU:XXXX:JP,False,,,0,0.0,JTRDGFXU
149,,0001-01-01T00:00:00,2018-10-01,Fx:US:XX:XX:X:XX:X2BU:XXXX:JP,False,,,0,-2.5372768253e-05,JTRDGFXU
150,,0001-01-01T00:00:00,2018-10-01,Fx:US:XX:XX:X:XX:X2BU:XXXX:JP,False,,,0,-0.000702104622047,JTRDGFXU
151,,0001-01-01T00:00:00,2018-10-01,Fx:US:XX:XX:X:XX:X2BU:XXXX:JP,False,,,0,-0.000127513070089,JTRDGFXU
152,,0001-01-01T00:00:00,2018-10-01,Fx:US:XX:XX:X:XX:X2BU:XXXX:JP,False,,,0,-0.000935931251595,JTRDGFXU
153,,0001-01-01T00:00:00,2018-10-01,Fx:US:XX:XX:X:XX:X2BU:XXXX:JP,False,,,0,0.0,JTRDGFXU
154,,0001-01-01T00:00:00,2018-10-01,Fx:US:XX:XX:X:XX:X2BU:XXXX:JP,False,,,0,0.0,JTRDGFXU
155,,0001-01-01T00:00:00,2018-10-01,Fx:US:XX:XX:X:XX:X2BU:XXXX:JP,False,,,0,0.0,JTRDGFXU
156,,0001-01-01T00:00:00,2018-10-01,Fx:US:XX:XX:X:XX:X2BU:XXXX:JP,False,,,0,0.0,JTRDGFXU
157,,0001-01-01T00:00:00,2018-10-01,Fx:US:XX:XX:X:XX:X2BU:XXXX:JP,False,,,0,0.0,JTRDGFXU
158,,0001-01-01T00:00:00,2018-10-01,Fx:US:XX:XX:X:XX:X2BU:XXXX:JP,False,,,0,0.0,JTRDGFXU
159,,0001-01-01T00:00:00,2018-10-01,Fx:US:XX:XX:X:XX:X2BU:XXXX:JP,False,,,0,0.0,JTRDGFXU
160,,0001-01-01T00:00:00,2018-10-01,Fx:US:XX:XX:X:XX:X2BU:XXXX:JP,False,,,0,-0.00044535799931400005,JTRDGFXU
161,,0001-01-01T00:00:00,2018-10-01,Fx:US:XX:XX:X:XX:X2BU:XXXX:JP,False,,,0,-0.000223375373724,JTRDGFXU
162,,0001-01-01T00:00:00,2018-10-01,Fx:US:XX:XX:X:XX:X2BU:XXXX:JP,False,,,0,0.0005248937305310001,JTRDGFXU
163,,0001-01-01T00:00:00,2018-10-01,Fx:US:XX:XX:X:XX:X2BU:XXXX:JP,False,,,0,0.0,JTRDGFXU
164,,0001-01-01T00:00:00,2018-10-01,Fx:US:XX:XX:X:XX:X2BU:XXXX:JP,False,,,0,0.0,JTRDGFXU
165,,0001-01-01T00:00:00,2018-10-01,Fx:US:XX:XX:X:XX:X2BU:XXXX:JP,False,,,0,0.0,JTRDGFXU
166,,0001-01-01T00:00:00,2018-10-01,Fx:US:XX:XX:X:XX:X2BU:XXXX:JP,False,,,0,0.0,JTRDGFXU
167,,0001-01-01T00:00:00,2018-10-01,Fx:US:XX:XX:X:XX:X2BU:XXXX:JP,False,,,0,0.0,JTRDGFXU
168,,0001-01-01T00:00:00,2018-10-01,Fx:US:XX:XX:X:XX:X2BU:XXXX:JP,False,,,0,0.0,JTRDGFXU
169,,0001-01-01T00:00:00,2018-10-01,Fx:US:XX:XX:X:XX:X2BU:XXXX:JP,False,,,0,0.0,JTRDGFXU
170,,0001-01-01T00:00:00,2018-10-01,Fx:US:XX:XX:X:XX:X2BU:XXXX:JP,False,,,0,0.0,JTRDGFXU
171,,0001-01-01T00:00:00,2018-10-01,Fx:US:XX:XX:X:XX:X2BU:XXXX:JP,False,,,0,7.715983230500001e-05,JTRDGFXU
172,,0001-01-01T00:00:00,2018-10-01,Fx:US:XX:XX:X:XX:X2BU:XXXX:JP,False,,,0,0.00015423635865,JTRDGFXU
173,,0001-01-01T00:00:00,2018-10-01,Fx:US:XX:XX:X:XX:X2BU:XXXX:JP,False,,,0,-8.559445347000001e-06,JTRDGFXU
174,,0001-01-01T00:00:00,2018-10-01,Fx:US:XX:XX:X:XX:X2BU:XXXX:JP,False,,,0,-0.000171199164548,JTRDGFXU
175,,0001-01-01T00:00:00,2018-10-01,Fx:US:XX:XX:X:XX:X2BU:XXXX:JP,False,,,0,-0.000119983202351,JTRDGFXU
176,,0001-01-01T00:00:00,2018-10-01,Fx:US:XX:XX:X:XX:X2BU:XXXX:JP,False,,,0,0.0,JTRDGFXU
177,,0001-01-01T00:00:00,2018-10-01,Fx:US:XX:XX:X:XX:X2BU:XXXX:JP,False,,,0,0.0,JTRDGFXU
178,,0001-01-01T00:00:00,2018-10-01,Fx:US:XX:XX:X:XX:X2BU:XXXX:JP,False,,,0,0.0,JTRDGFXU
179,,0001-01-01T00:00:00,2018-10-01,Fx:US:XX:XX:X:XX:X2BU:XXXX:JP,False,,,0,0.0,JTRDGFXU
180,,0001-01-01T00:00:00,2018-10-01,Fx:US:XX:XX:X:XX:X2BU:XXXX:JP,False,,,0,0.0,JTRDGFXU
181,,0001-01-01T00:00:00,2018-10-01,Fx:US:XX:XX:X:XX:X2BU:XXXX:JP,False,,,0,-6.0042029420000004e-05,JTRDGFXU
182,,0001-01-01T00:00:00,2018-10-01,Fx:US:XX:XX:X:XX:X2BU:XXXX:JP,False,,,0,-0.000205944944051,JTRDGFXU
183,,0001-01-01T00:00:00,2018-10-01,Fx:US:XX:XX:X:XX:X2BU:XXXX:JP,False,,,0,6.874742197100001e-05,JTRDGFXU
184,,0001-01-01T00:00:00,2018-10-01,Fx:US:XX:XX:X:XX:X2BU:XXXX:JP,False,,,0,-0.00018896447467800002,JTRDGFXU
185,,0001-01-01T00:00:00,2018-10-01,Fx:US:XX:XX:X:XX:X2BU:XXXX:JP,False,,,0,-0.000249419454717,JTRDGFXU
186,,0001-01-01T00:00:00,2018-10-01,Fx:US:XX:XX:X:XX:X2BU:XXXX:JP,False,,,0,-0.000249855686801,JTRDGFXU
187,,0001-01-01T00:00:00,2018-10-01,Fx:US:XX:XX:X:XX:X2BU:XXXX:JP,False,,,0,-0.00038838638403600005,JTRDGFXU
188,,0001-01-01T00:00:00,2018-10-01,Fx:US:XX:XX:X:XX:X2BU:XXXX:JP,False,,,0,2.5963011363000003e-05,JTRDGFXU
189,,0001-01-01T00:00:00,2018-10-01,Fx:US:XX:XX:X:XX:X2BU:XXXX:JP,False,,,0,0.0,JTRDGFXU
190,,0001-01-01T00:00:00,2018-10-01,Fx:US:XX:XX:X:XX:X2BU:XXXX:JP,False,,,0,0.0,JTRDGFXU
191,,0001-01-01T00:00:00,2018-10-01,Fx:US:XX:XX:X:XX:X2BU:XXXX:JP,False,,,0,0.0,JTRDGFXU
192,,0001-01-01T00:00:00,2018-10-01,Fx:US:XX:XX:X:XX:X2BU:XXXX:JP,False,,,0,0.0,JTRDGFXU
193,,0001-01-01T00:00:00,2018-10-01,Fx:US:XX:XX:X:XX:X2BU:XXXX:JP,False,,,0,0.0,JTRDGFXU
194,,0001-01-01T00:00:00,2018-10-01,Fx:US:XX:XX:X:XX:X2BU:XXXX:JP,False,,,0,-0.00031149952409700003,JTRDGFXU
195,,0001-01-01T00:00:00,2018-10-01,Fx:US:XX:XX:X:XX:X2BU:XXXX:JP,False,,,0,0.000607017117882,JTRDGFXU
196,,0001-01-01T00:00:00,2018-10-01,Fx:US:XX:XX:X:XX:X2BU:XXXX:JP,False,,,0,-0.000431749101961,JTRDGFXU
197,,0001-01-01T00:00:00,2018-10-01,Fx:US:XX:XX:X:XX:X2BU:XXXX:JP,False,,,0,0.000277157061442,JTRDGFXU
198,,0001-01-01T00:00:00,2018-10-01,Fx:US:XX:XX:X:XX:X2BU:XXXX:JP,False,,,0,0.00018153213118700002,JTRDGFXU
199,,0001-01-01T00:00:00,2018-10-01,Fx:US:XX:XX:X:XX:X2BU:XXXX:JP,False,,,0,6.9067332015e-05,JTRDGFXU
200,,0001-01-01T00:00:00,2018-10-01,Fx:US:XX:XX:X:XX:X2BU:XXXX:JP,False,,,0,0.000267506579798,JTRDGFXU
201,,0001-01-01T00:00:00,2018-10-01,Fx:US:XX:XX:X:XX:X2BU:XXXX:JP,False,,,0,-8.613116053100001e-05,JTRDGFXU
202,,0001-01-01T00:00:00,2018-10-01,Fx:US:XX:XX:X:XX:X2BU:XXXX:JP,False,,,0,2.5854936569e-05,JTRDGFXU
203,,0001-01-01T00:00:00,2018-10-01,Fx:US:XX:XX:X:XX:X2BU:XXXX:JP,False,,,0,0.0,JTRDGFXU
204,,0001-01-01T00:00:00,2018-10-01,Fx:US:XX:XX:X:XX:X2BU:XXXX:JP,False,,,0,0.0,JTRDGFXU
205,,0001-01-01T00:00:00,2018-10-01,Fx:US:XX:XX:X:XX:X2BU:XXXX:JP,False,,,0,0.0,JTRDGFXU
206,,0001-01-01T00:00:00,2018-10-01,Fx:US:XX:XX:X:XX:X2BU:XXXX:JP,False,,,0,0.0,JTRDGFXU
207,,0001-01-01T00:00:00,2018-10-01,Fx:US:XX:XX:X:XX:X2BU:XXXX:JP,False,,,0,0.0,JTRDGFXU
208,,0001-01-01T00:00:00,2018-10-01,Fx:US:XX:XX:X:XX:X2BU:XXXX:JP,False,,,0,0.0,JTRDGFXU
209,,0001-01-01T00:00:00,2018-10-01,Fx:US:XX:XX:X:XX:X2BU:XXXX:JP,False,,,0,0.0,JTRDGFXU
210,,0001-01-01T00:00:00,2018-10-01,Fx:US:XX:XX:X:XX:X2BU:XXXX:JP,False,,,0,0.0,JTRDGFXU
211,,0001-01-01T00:00:00,2018-10-01,Fx:US:XX:XX:X:XX:X2BU:XXXX:JP,False,,,0,-6.0317268834e-05,JTRDGFXU
212,,0001-01-01T00:00:00,2018-10-01,Fx:US:XX:XX:X:XX:X2BU:XXXX:JP,False,,,0,-0.00020688941760600002,JTRDGFXU
213,,0001-01-01T00:00:00,2018-10-01,Fx:US:XX:XX:X:XX:X2BU:XXXX:JP,False,,,0,1.7265789564e-05,JTRDGFXU
214,,0001-01-01T00:00:00,2018-10-01,Fx:US:XX:XX:X:XX:X2BU:XXXX:JP,False,,,0,8.631851532e-06,JTRDGFXU
215,,0001-01-01T00:00:00,2018-10-01,Fx:US:XX:XX:X:XX:X2BU:XXXX:JP,False,,,0,0.000129469950024,JTRDGFXU
216,,0001-01-01T00:00:00,2018-10-01,Fx:US:XX:XX:X:XX:X2BU:XXXX:JP,False,,,0,0.0,JTRDGFXU
217,,0001-01-01T00:00:00,2018-10-01,Fx:US:XX:XX:X:XX:X2BU:XXXX:JP,False,,,0,-0.00016384677739200002,JTRDGFXU
218,,0001-01-01T00:00:00,2018-10-01,Fx:US:XX:XX:X:XX:X2BU:XXXX:JP,False,,,0,2.5900249505000004e-05,JTRDGFXU
219,,0001-01-01T00:00:00,2018-10-01,Fx:US:XX:XX:X:XX:X2BU:XXXX:JP,False,,,0,-0.000500647388864,JTRDGFXU
220,,0001-01-01T00:00:00,2018-10-01,Fx:US:XX:XX:X:XX:X2BU:XXXX:JP,False,,,0,-7.795987665e-05,JTRDGFXU
221,,0001-01-01T00:00:00,2018-10-01,Fx:US:XX:XX:X:XX:X2BU:XXXX:JP,False,,,0,-0.00043334691153600004,JTRDGFXU
222,,0001-01-01T00:00:00,2018-10-01,Fx:US:XX:XX:X:XX:X2BU:XXXX:JP,False,,,0,6.9546470081e-05,JTRDGFXU
223,,0001-01-01T00:00:00,2018-10-01,Fx:US:XX:XX:X:XX:X2BU:XXXX:JP,False,,,0,-0.00039100854136400005,JTRDGFXU
224,,0001-01-01T00:00:00,2018-10-01,Fx:US:XX:XX:X:XX:X2BU:XXXX:JP,False,,,0,0.0,JTRDGFXU
225,,0001-01-01T00:00:00,2018-10-01,Fx:US:XX:XX:X:XX:X2BU:XXXX:JP,False,,,0,0.0,JTRDGFXU
226,,0001-01-01T00:00:00,2018-10-01,Fx:US:XX:XX:X:XX:X2BU:XXXX:JP,False,,,0,0.0,JTRDGFXU
227,,0001-01-01T00:00:00,2018-10-01,Fx:US:XX:XX:X:XX:X2BU:XXXX:JP,False,,,0,0.0,JTRDGFXU
228,,0001-01-01T00:00:00,2018-10-01,Fx:US:XX:XX:X:XX:X2BU:XXXX:JP,False,,,0,0.0,JTRDGFXU
229,,0001-01-01T00:00:00,2018-10-01,Fx:US:XX:XX:X:XX:X2BU:XXXX:JP,False,,,0,0.000304952427421,JTRDGFXU
230,,0001-01-01T00:00:00,2018-10-01,Fx:US:XX:XX:X:XX:X2BU:XXXX:JP,False,,,0,7.824930227700001e-05,JTRDGFXU
231,,0001-01-01T00:00:00,2018-10-01,Fx:US:XX:XX:X:XX:X2BU:XXXX:JP,False,,,0,0.00011296489398600001,JTRDGFXU
232,,0001-01-01T00:00:00,2018-10-01,Fx:US:XX:XX:X:XX:X2BU:XXXX:JP,False,,,0,0.000590426409425,JTRDGFXU
233,,0001-01-01T00:00:00,2018-10-01,Fx:US:XX:XX:X:XX:X2BU:XXXX:JP,False,,,0,0.00024211609466700003,JTRDGFXU
234,,0001-01-01T00:00:00,2018-10-01,Fx:US:XX:XX:X:XX:X2BU:XXXX:JP,False,,,0,-0.00041435391003300003,JTRDGFXU
235,,0001-01-01T00:00:00,2018-10-01,Fx:US:XX:XX:X:XX:X2BU:XXXX:JP,False,,,0,0.00012120477546800001,JTRDGFXU
236,,0001-01-01T00:00:00,2018-10-01,Fx:US:XX:XX:X:XX:X2BU:XXXX:JP,False,,,0,0.00018165304268800002,JTRDGFXU
237,,0001-01-01T00:00:00,2018-10-01,Fx:US:XX:XX:X:XX:X2BU:XXXX:JP,False,,,0,-6.0474117077e-05,JTRDGFXU
238,,0001-01-01T00:00:00,2018-10-01,Fx:US:XX:XX:X:XX:X2BU:XXXX:JP,False,,,0,0.000630925732262,JTRDGFXU
239,,0001-01-01T00:00:00,2018-10-01,Fx:US:XX:XX:X:XX:X2BU:XXXX:JP,False,,,0,0.0,JTRDGFXU
240,,0001-01-01T00:00:00,2018-10-01,Fx:US:XX:XX:X:XX:X2BU:XXXX:JP,False,,,0,0.0,JTRDGFXU
241,,0001-01-01T00:00:00,2018-10-01,Fx:US:XX:XX:X:XX:X2BU:XXXX:JP,False,,,0,0.0,JTRDGFXU
242,,0001-01-01T00:00:00,2018-10-01,Fx:US:XX:XX:X:XX:X2BU:XXXX:JP,False,,,0,0.0,JTRDGFXU
243,,0001-01-01T00:00:00,2018-10-01,Fx:US:XX:XX:X:XX:X2BU:XXXX:JP,False,,,0,0.0,JTRDGFXU
244,,0001-01-01T00:00:00,2018-10-01,Fx:US:XX:XX:X:XX:X2BU:XXXX:JP,False,,,0,0.0,JTRDGFXU
245,,0001-01-01T00:00:00,2018-10-01,Fx:US:XX:XX:X:XX:X2BU:XXXX:JP,False,,,0,0.0,JTRDGFXU
246,,0001-01-01T00:00:00,2018-10-01,Fx:US:XX:XX:X:XX:X2BU:XXXX:JP,False,,,0,0.0,JTRDGFXU
247,,0001-01-01T00:00:00,2018-10-01,Fx:US:XX:XX:X:XX:X2BU:XXXX:JP,False,,,0,0.0,JTRDGFXU
248,,0001-01-01T00:00:00,2018-10-01,Fx:US:XX:XX:X:XX:X2BU:XXXX:JP,False,,,0,0.0,JTRDGFXU
249,,0001-01-01T00:00:00,2018-10-01,Fx:US:XX:XX:X:XX:X2BU:XXXX:JP,False,,,0,0.00038721668645700004,JTRDGFXU
250,,0001-01-01T00:00:00,2018-10-01,Fx:US:XX:XX:X:XX:X2BU:XXXX:JP,False,,,0,-0.00011156021247900001,JTRDGFXU
251,,0001-01-01T00:00:00,2018-10-01,Fx:US:XX:XX:X:XX:X2BU:XXXX:JP,False,,,0,0.00041223655507600004,JTRDGFXU
252,,0001-01-01T00:00:00,2018-10-01,Fx:US:XX:XX:X:XX:X2BU:XXXX:JP,False,,,0,0.0,JTRDGFXU
253,,0001-01-01T00:00:00,2018-10-01,Fx:US:XX:XX:X:XX:X2BU:XXXX:JP,False,,,0,0.0,JTRDGFXU
254,,0001-01-01T00:00:00,2018-10-01,Fx:US:XX:XX:X:XX:X2BU:XXXX:JP,False,,,0,-0.00053094010653,JTRDGFXU
255,,0001-01-01T00:00:00,2018-10-01,Fx:US:XX:XX:X:XX:X2BU:XXXX:JP,False,,,0,0.0008337631081310001,JTRDGFXU
256,,0001-01-01T00:00:00,2018-10-01,Fx:US:XX:XX:X:XX:X2BU:XXXX:JP,False,,,0,-0.00022218614071200003,JTRDGFXU
257,,0001-01-01T00:00:00,2018-10-01,Fx:US:XX:XX:X:XX:X2BU:XXXX:JP,False,,,0,-0.00011982505541900001,JTRDGFXU
258,,0001-01-01T00:00:00,2018-10-01,Fx:US:XX:XX:X:XX:X2BU:XXXX:JP,False,,,0,-0.00011135952852000001,JTRDGFXU
259,,0001-01-01T00:00:00,2018-10-01,Fx:US:XX:XX:X:XX:X2BU:XXXX:JP,False,,,0,-0.000368630409436,JTRDGFXU
260,,0001-01-01T00:00:00,2018-10-01,Fx:US:XX:XX:X:XX:X2BU:XXXX:JP,False,,,0,-0.000412558983042,JTRDGFXU
261,,0001-01-01T00:00:00,2018-10-01,Fx:US:XX:XX:X:XX:X2BU:XXXX:JP,False,,,0,1.7239744507e-05,JTRDGFXU
262,,0001-01-01T00:00:00,2018-05-02,Fx:US:XX:XX:X:XX:X2BU:XXXX:JP,False,,,0,0.000160081961964,JTRDJFXU
263,,0001-01-01T00:00:00,2018-05-03,Fx:US:XX:XX:X:XX:X2BU:XXXX:JP,False,,,0,-0.0006076305606190001,JTRDJFXU
264,,0001-01-01T00:00:00,2018-05-04,Fx:US:XX:XX:X:XX:X2BU:XXXX:JP,False,,,0,0.0,JTRDJFXU
265,,0001-01-01T00:00:00,2018-05-07,Fx:US:XX:XX:X:XX:X2BU:XXXX:JP,False,,,0,0.0,JTRDJFXU
266,,0001-01-01T00:00:00,2018-05-08,Fx:US:XX:XX:X:XX:X2BU:XXXX:JP,False,,,0,0.0,JTRDJFXU
267,,0001-01-01T00:00:00,2018-05-09,Fx:US:XX:XX:X:XX:X2BU:XXXX:JP,False,,,0,0.0,JTRDJFXU
268,,0001-01-01T00:00:00,2018-05-10,Fx:US:XX:XX:X:XX:X2BU:XXXX:JP,False,,,0,0.0,JTRDJFXU
269,,0001-01-01T00:00:00,2018-05-11,Fx:US:XX:XX:X:XX:X2BU:XXXX:JP,False,,,0,0.0,JTRDJFXU
270,,0001-01-01T00:00:00,2018-05-14,Fx:US:XX:XX:X:XX:X2BU:XXXX:JP,False,,,0,0.0,JTRDJFXU
271,,0001-01-01T00:00:00,2018-05-15,Fx:US:XX:XX:X:XX:X2BU:XXXX:JP,False,,,0,0.0,JTRDJFXU
272,,0001-01-01T00:00:00,2018-05-16,Fx:US:XX:XX:X:XX:X2BU:XXXX:JP,False,,,0,0.0,JTRDJFXU
273,,0001-01-01T00:00:00,2018-05-17,Fx:US:XX:XX:X:XX:X2BU:XXXX:JP,False,,,0,0.0,JTRDJFXU
274,,0001-01-01T00:00:00,2018-05-18,Fx:US:XX:XX:X:XX:X2BU:XXXX:JP,False,,,0,-8.5645769098e-05,JTRDJFXU
275,,0001-01-01T00:00:00,2018-05-21,Fx:US:XX:XX:X:XX:X2BU:XXXX:JP,False,,,0,0.00035350072842500003,JTRDJFXU
276,,0001-01-01T00:00:00,2018-05-22,Fx:US:XX:XX:X:XX:X2BU:XXXX:JP,False,,,0,-0.000128228417554,JTRDJFXU
277,,0001-01-01T00:00:00,2018-05-23,Fx:US:XX:XX:X:XX:X2BU:XXXX:JP,False,,,0,-0.0006844992994570001,JTRDJFXU
278,,0001-01-01T00:00:00,2018-05-24,Fx:US:XX:XX:X:XX:X2BU:XXXX:JP,False,,,0,-0.0006018205070330001,JTRDJFXU
279,,0001-01-01T00:00:00,2018-05-25,Fx:US:XX:XX:X:XX:X2BU:XXXX:JP,False,,,0,0.00017267615666000002,JTRDJFXU
280,,0001-01-01T00:00:00,2018-05-28,Fx:US:XX:XX:X:XX:X2BU:XXXX:JP,False,,,0,5.3896152892000005e-05,JTRDJFXU
281,,0001-01-01T00:00:00,2018-05-29,Fx:US:XX:XX:X:XX:X2BU:XXXX:JP,False,,,0,-0.00033403012736200004,JTRDJFXU
282,,0001-01-01T00:00:00,2018-05-30,Fx:US:XX:XX:X:XX:X2BU:XXXX:JP,False,,,0,0.0,JTRDJFXU
283,,0001-01-01T00:00:00,2018-05-31,Fx:US:XX:XX:X:XX:X2BU:XXXX:JP,False,,,0,0.0,JTRDJFXU
284,,0001-01-01T00:00:00,2018-06-01,Fx:US:XX:XX:X:XX:X2BU:XXXX:JP,False,,,0,0.0,JTRDJFXU
285,,0001-01-01T00:00:00,2018-06-04,Fx:US:XX:XX:X:XX:X2BU:XXXX:JP,False,,,0,0.0,JTRDJFXU
286,,0001-01-01T00:00:00,2018-06-05,Fx:US:XX:XX:X:XX:X2BU:XXXX:JP,False,,,0,0.0,JTRDJFXU
287,,0001-01-01T00:00:00,2018-06-06,Fx:US:XX:XX:X:XX:X2BU:XXXX:JP,False,,,0,0.0,JTRDJFXU
288,,0001-01-01T00:00:00,2018-06-07,Fx:US:XX:XX:X:XX:X2BU:XXXX:JP,False,,,0,0.0,JTRDJFXU
289,,0001-01-01T00:00:00,2018-06-08,Fx:US:XX:XX:X:XX:X2BU:XXXX:JP,False,,,0,0.0,JTRDJFXU
290,,0001-01-01T00:00:00,2018-06-11,Fx:US:XX:XX:X:XX:X2BU:XXXX:JP,False,,,0,0.0,JTRDJFXU
291,,0001-01-01T00:00:00,2018-06-12,Fx:US:XX:XX:X:XX:X2BU:XXXX:JP,False,,,0,0.0,JTRDJFXU
292,,0001-01-01T00:00:00,2018-06-13,Fx:US:XX:XX:X:XX:X2BU:XXXX:JP,False,,,0,0.0,JTRDJFXU
293,,0001-01-01T00:00:00,2018-06-14,Fx:US:XX:XX:X:XX:X2BU:XXXX:JP,False,,,0,0.0,JTRDJFXU
294,,0001-01-01T00:00:00,2018-06-15,Fx:US:XX:XX:X:XX:X2BU:XXXX:JP,False,,,0,0.0,JTRDJFXU
295,,0001-01-01T00:00:00,2018-06-18,Fx:US:XX:XX:X:XX:X2BU:XXXX:JP,False,,,0,0.0,JTRDJFXU
296,,0001-01-01T00:00:00,2018-06-19,Fx:US:XX:XX:X:XX:X2BU:XXXX:JP,False,,,0,0.00039961550508100006,JTRDJFXU
297,,0001-01-01T00:00:00,2018-06-20,Fx:US:XX:XX:X:XX:X2BU:XXXX:JP,False,,,0,0.00016155436843,JTRDJFXU
298,,0001-01-01T00:00:00,2018-06-21,Fx:US:XX:XX:X:XX:X2BU:XXXX:JP,False,,,0,-5.3790625369000005e-05,JTRDJFXU
299,,0001-01-01T00:00:00,2018-06-22,Fx:US:XX:XX:X:XX:X2BU:XXXX:JP,False,,,0,-6.457306442200001e-05,JTRDJFXU
300,,0001-01-01T00:00:00,2018-06-25,Fx:US:XX:XX:X:XX:X2BU:XXXX:JP,False,,,0,-0.000129204530772,JTRDJFXU
301,,0001-01-01T00:00:00,2018-06-26,Fx:US:XX:XX:X:XX:X2BU:XXXX:JP,False,,,0,0.00014009828433400002,JTRDJFXU
302,,0001-01-01T00:00:00,2018-06-27,Fx:US:XX:XX:X:XX:X2BU:XXXX:JP,False,,,0,-0.00039835061313600004,JTRDJFXU
303,,0001-01-01T00:00:00,2018-06-28,Fx:US:XX:XX:X:XX:X2BU:XXXX:JP,False,,,0,5.3981689410000005e-05,JTRDJFXU
304,,0001-01-01T00:00:00,2018-06-29,Fx:US:XX:XX:X:XX:X2BU:XXXX:JP,False,,,0,-0.000248221975199,JTRDJFXU
305,,0001-01-01T00:00:00,2018-07-02,Fx:US:XX:XX:X:XX:X2BU:XXXX:JP,False,,,0,-1.0811044563e-05,JTRDJFXU
306,,0001-01-01T00:00:00,2018-07-03,Fx:US:XX:XX:X:XX:X2BU:XXXX:JP,False,,,0,8.6494902206e-05,JTRDJFXU
307,,0001-01-01T00:00:00,2018-07-04,Fx:US:XX:XX:X:XX:X2BU:XXXX:JP,False,,,0,5.4026602699e-05,JTRDJFXU
308,,0001-01-01T00:00:00,2018-07-05,Fx:US:XX:XX:X:XX:X2BU:XXXX:JP,False,,,0,-3.2403706984000004e-05,JTRDJFXU
309,,0001-01-01T00:00:00,2018-07-06,Fx:US:XX:XX:X:XX:X2BU:XXXX:JP,False,,,0,7.5625803524e-05,JTRDJFXU
310,,0001-01-01T00:00:00,2018-07-09,Fx:US:XX:XX:X:XX:X2BU:XXXX:JP,False,,,0,-0.00018356548968700002,JTRDJFXU
311,,0001-01-01T00:00:00,2018-07-10,Fx:US:XX:XX:X:XX:X2BU:XXXX:JP,False,,,0,-0.00034597960882600003,JTRDJFXU
312,,0001-01-01T00:00:00,2018-07-11,Fx:US:XX:XX:X:XX:X2BU:XXXX:JP,False,,,0,-3.2514333401000005e-05,JTRDJFXU
313,,0001-01-01T00:00:00,2018-07-12,Fx:US:XX:XX:X:XX:X2BU:XXXX:JP,False,,,0,-0.000737159334822,JTRDJFXU
314,,0001-01-01T00:00:00,2018-07-13,Fx:US:XX:XX:X:XX:X2BU:XXXX:JP,False,,,0,1.0896807235e-05,JTRDJFXU
315,,0001-01-01T00:00:00,2018-07-16,Fx:US:XX:XX:X:XX:X2BU:XXXX:JP,False,,,0,0.0,JTRDJFXU
316,,0001-01-01T00:00:00,2018-07-17,Fx:US:XX:XX:X:XX:X2BU:XXXX:JP,False,,,0,0.0,JTRDJFXU
317,,0001-01-01T00:00:00,2018-07-18,Fx:US:XX:XX:X:XX:X2BU:XXXX:JP,False,,,0,0.0,JTRDJFXU
318,,0001-01-01T00:00:00,2018-07-19,Fx:US:XX:XX:X:XX:X2BU:XXXX:JP,False,,,0,0.0,JTRDJFXU
319,,0001-01-01T00:00:00,2018-07-20,Fx:US:XX:XX:X:XX:X2BU:XXXX:JP,False,,,0,0.0,JTRDJFXU
320,,0001-01-01T00:00:00,2018-07-23,Fx:US:XX:XX:X:XX:X2BU:XXXX:JP,False,,,0,0.0,JTRDJFXU
321,,0001-01-01T00:00:00,2018-07-24,Fx:US:XX:XX:X:XX:X2BU:XXXX:JP,False,,,0,0.0,JTRDJFXU
322,,0001-01-01T00:00:00,2018-07-25,Fx:US:XX:XX:X:XX:X2BU:XXXX:JP,False,,,0,0.0,JTRDJFXU
323,,0001-01-01T00:00:00,2018-07-26,Fx:US:XX:XX:X:XX:X2BU:XXXX:JP,False,,,0,0.0,JTRDJFXU
324,,0001-01-01T00:00:00,2018-07-27,Fx:US:XX:XX:X:XX:X2BU:XXXX:JP,False,,,0,0.0,JTRDJFXU
325,,0001-01-01T00:00:00,2018-07-30,Fx:US:XX:XX:X:XX:X2BU:XXXX:JP,False,,,0,0.0,JTRDJFXU
326,,0001-01-01T00:00:00,2018-07-31,Fx:US:XX:XX:X:XX:X2BU:XXXX:JP,False,,,0,0.0006319666147290001,JTRDJFXU
327,,0001-01-01T00:00:00,2018-08-01,Fx:US:XX:XX:X:XX:X2BU:XXXX:JP,False,,,0,2.1695974311e-05,JTRDJFXU
328,,0001-01-01T00:00:00,2018-08-02,Fx:US:XX:XX:X:XX:X2BU:XXXX:JP,False,,,0,-0.00030369751727200004,JTRDJFXU
329,,0001-01-01T00:00:00,2018-08-03,Fx:US:XX:XX:X:XX:X2BU:XXXX:JP,False,,,0,-0.00019565004728200002,JTRDJFXU
330,,0001-01-01T00:00:00,2018-08-06,Fx:US:XX:XX:X:XX:X2BU:XXXX:JP,False,,,0,0.000185034013605,JTRDJFXU
331,,0001-01-01T00:00:00,2018-08-07,Fx:US:XX:XX:X:XX:X2BU:XXXX:JP,False,,,0,-0.000141313563928,JTRDJFXU
332,,0001-01-01T00:00:00,2018-08-08,Fx:US:XX:XX:X:XX:X2BU:XXXX:JP,False,,,0,-0.00016321556423600002,JTRDJFXU
333,,0001-01-01T00:00:00,2018-08-09,Fx:US:XX:XX:X:XX:X2BU:XXXX:JP,False,,,0,-1.0893483518e-05,JTRDJFXU
334,,0001-01-01T00:00:00,2018-08-10,Fx:US:XX:XX:X:XX:X2BU:XXXX:JP,False,,,0,-0.00011983745683100001,JTRDJFXU
335,,0001-01-01T00:00:00,2018-08-13,Fx:US:XX:XX:X:XX:X2BU:XXXX:JP,False,,,0,2.1806921516e-05,JTRDJFXU
336,,0001-01-01T00:00:00,2018-08-14,Fx:US:XX:XX:X:XX:X2BU:XXXX:JP,False,,,0,8.721437292800001e-05,JTRDJFXU
337,,0001-01-01T00:00:00,2018-08-15,Fx:US:XX:XX:X:XX:X2BU:XXXX:JP,False,,,0,-0.00026148348296,JTRDJFXU
338,,0001-01-01T00:00:00,2018-08-16,Fx:US:XX:XX:X:XX:X2BU:XXXX:JP,False,,,0,0.00038202933985300006,JTRDJFXU
339,,0001-01-01T00:00:00,2018-08-17,Fx:US:XX:XX:X:XX:X2BU:XXXX:JP,False,,,0,-0.000359238414561,JTRDJFXU
340,,0001-01-01T00:00:00,2018-08-20,Fx:US:XX:XX:X:XX:X2BU:XXXX:JP,False,,,0,-2.1826912583000003e-05,JTRDJFXU
341,,0001-01-01T00:00:00,2018-08-21,Fx:US:XX:XX:X:XX:X2BU:XXXX:JP,False,,,0,7.640586797e-05,JTRDJFXU
342,,0001-01-01T00:00:00,2018-08-22,Fx:US:XX:XX:X:XX:X2BU:XXXX:JP,False,,,0,-2.1818578519000002e-05,JTRDJFXU
343,,0001-01-01T00:00:00,2018-08-23,Fx:US:XX:XX:X:XX:X2BU:XXXX:JP,False,,,0,0.000981986012154,JTRDJFXU
344,,0001-01-01T00:00:00,2018-08-24,Fx:US:XX:XX:X:XX:X2BU:XXXX:JP,False,,,0,3.2509400635000005e-05,JTRDJFXU
345,,0001-01-01T00:00:00,2018-08-27,Fx:US:XX:XX:X:XX:X2BU:XXXX:JP,False,,,0,0.0,JTRDJFXU
346,,0001-01-01T00:00:00,2018-08-28,Fx:US:XX:XX:X:XX:X2BU:XXXX:JP,False,,,0,0.0,JTRDJFXU
347,,0001-01-01T00:00:00,2018-08-29,Fx:US:XX:XX:X:XX:X2BU:XXXX:JP,False,,,0,0.0,JTRDJFXU
348,,0001-01-01T00:00:00,2018-08-30,Fx:US:XX:XX:X:XX:X2BU:XXXX:JP,False,,,0,0.0,JTRDJFXU
349,,0001-01-01T00:00:00,2018-08-31,Fx:US:XX:XX:X:XX:X2BU:XXXX:JP,False,,,0,0.0,JTRDJFXU
350,,0001-01-01T00:00:00,2018-09-03,Fx:US:XX:XX:X:XX:X2BU:XXXX:JP,False,,,0,0.000195012025741,JTRDJFXU
351,,0001-01-01T00:00:00,2018-09-04,Fx:US:XX:XX:X:XX:X2BU:XXXX:JP,False,,,0,0.000400311593889,JTRDJFXU
352,,0001-01-01T00:00:00,2018-09-05,Fx:US:XX:XX:X:XX:X2BU:XXXX:JP,False,,,0,0.00031288098654600003,JTRDJFXU
353,,0001-01-01T00:00:00,2018-09-06,Fx:US:XX:XX:X:XX:X2BU:XXXX:JP,False,,,0,-0.0008504682958330001,JTRDJFXU
354,,0001-01-01T00:00:00,2018-09-07,Fx:US:XX:XX:X:XX:X2BU:XXXX:JP,False,,,0,0.000303237055568,JTRDJFXU
355,,0001-01-01T00:00:00,2018-09-10,Fx:US:XX:XX:X:XX:X2BU:XXXX:JP,False,,,0,0.0,JTRDJFXU
356,,0001-01-01T00:00:00,2018-09-11,Fx:US:XX:XX:X:XX:X2BU:XXXX:JP,False,,,0,0.0,JTRDJFXU
357,,0001-01-01T00:00:00,2018-09-12,Fx:US:XX:XX:X:XX:X2BU:XXXX:JP,False,,,0,0.0,JTRDJFXU
358,,0001-01-01T00:00:00,2018-09-13,Fx:US:XX:XX:X:XX:X2BU:XXXX:JP,False,,,0,0.0,JTRDJFXU
359,,0001-01-01T00:00:00,2018-09-14,Fx:US:XX:XX:X:XX:X2BU:XXXX:JP,False,,,0,-0.00032420866069400004,JTRDJFXU
360,,0001-01-01T00:00:00,2018-09-17,Fx:US:XX:XX:X:XX:X2BU:XXXX:JP,False,,,0,0.000194967667861,JTRDJFXU
361,,0001-01-01T00:00:00,2018-09-18,Fx:US:XX:XX:X:XX:X2BU:XXXX:JP,False,,,0,-0.00048675485943600006,JTRDJFXU
362,,0001-01-01T00:00:00,2018-09-19,Fx:US:XX:XX:X:XX:X2BU:XXXX:JP,False,,,0,-1.0853756485e-05,JTRDJFXU
363,,0001-01-01T00:00:00,2018-09-20,Fx:US:XX:XX:X:XX:X2BU:XXXX:JP,False,,,0,-0.000195382461167,JTRDJFXU
364,,0001-01-01T00:00:00,2018-09-21,Fx:US:XX:XX:X:XX:X2BU:XXXX:JP,False,,,0,-0.00011956391778300001,JTRDJFXU
365,,0001-01-01T00:00:00,2018-09-24,Fx:US:XX:XX:X:XX:X2BU:XXXX:JP,False,,,0,0.0,JTRDJFXU
366,,0001-01-01T00:00:00,2018-09-25,Fx:US:XX:XX:X:XX:X2BU:XXXX:JP,False,,,0,-0.00043514207388700005,JTRDJFXU
367,,0001-01-01T00:00:00,2018-09-26,Fx:US:XX:XX:X:XX:X2BU:XXXX:JP,False,,,0,-0.000229147571035,JTRDJFXU
368,,0001-01-01T00:00:00,2018-09-27,Fx:US:XX:XX:X:XX:X2BU:XXXX:JP,False,,,0,-0.000382526203044,JTRDJFXU
369,,0001-01-01T00:00:00,2018-09-28,Fx:US:XX:XX:X:XX:X2BU:XXXX:JP,False,,,0,0.0,JTRDJFXU
370,,0001-01-01T00:00:00,2018-10-01,Fx:US:XX:XX:X:XX:X2BU:XXXX:JP,False,,,0,0.0,JTRDJFXU
371,,0001-01-01T00:00:00,2018-05-02,Fx:US:XX:XX:X:XX:X2BU:XXXX:JP,False,,,0,-0.000144251574746,JTRDAFXU
372,,0001-01-01T00:00:00,2018-05-03,Fx:US:XX:XX:X:XX:X2BU:XXXX:JP,False,,,0,6.7385444743e-05,JTRDAFXU
373,,0001-01-01T00:00:00,2018-05-04,Fx:US:XX:XX:X:XX:X2BU:XXXX:JP,False,,,0,0.000192439068979,JTRDAFXU
374,,0001-01-01T00:00:00,2018-05-07,Fx:US:XX:XX:X:XX:X2BU:XXXX:JP,False,,,0,-2.8827028221000003e-05,JTRDAFXU
375,,0001-01-01T00:00:00,2018-05-08,Fx:US:XX:XX:X:XX:X2BU:XXXX:JP,False,,,0,-0.0006631554667070001,JTRDAFXU
376,,0001-01-01T00:00:00,2018-05-09,Fx:US:XX:XX:X:XX:X2BU:XXXX:JP,False,,,0,0.00010621348911300001,JTRDAFXU
377,,0001-01-01T00:00:00,2018-05-10,Fx:US:XX:XX:X:XX:X2BU:XXXX:JP,False,,,0,0.00035699812817100004,JTRDAFXU
378,,0001-01-01T00:00:00,2018-05-11,Fx:US:XX:XX:X:XX:X2BU:XXXX:JP,False,,,0,0.000442729136389,JTRDAFXU
379,,0001-01-01T00:00:00,2018-05-14,Fx:US:XX:XX:X:XX:X2BU:XXXX:JP,False,,,0,8.6353300135e-05,JTRDAFXU
380,,0001-01-01T00:00:00,2018-05-15,Fx:US:XX:XX:X:XX:X2BU:XXXX:JP,False,,,0,-0.0007383541414950001,JTRDAFXU
381,,0001-01-01T00:00:00,2018-05-16,Fx:US:XX:XX:X:XX:X2BU:XXXX:JP,False,,,0,0.00027952615497300003,JTRDAFXU
382,,0001-01-01T00:00:00,2018-05-17,Fx:US:XX:XX:X:XX:X2BU:XXXX:JP,False,,,0,0.00010582010582,JTRDAFXU
383,,0001-01-01T00:00:00,2018-05-18,Fx:US:XX:XX:X:XX:X2BU:XXXX:JP,False,,,0,9.612888961e-06,JTRDAFXU
384,,0001-01-01T00:00:00,2018-05-21,Fx:US:XX:XX:X:XX:X2BU:XXXX:JP,False,,,0,0.000403714170367,JTRDAFXU
385,,0001-01-01T00:00:00,2018-05-22,Fx:US:XX:XX:X:XX:X2BU:XXXX:JP,False,,,0,0.00024921401732900004,JTRDAFXU
386,,0001-01-01T00:00:00,2018-05-23,Fx:US:XX:XX:X:XX:X2BU:XXXX:JP,False,,,0,-0.000334896182183,JTRDAFXU
387,,0001-01-01T00:00:00,2018-05-24,Fx:US:XX:XX:X:XX:X2BU:XXXX:JP,False,,,0,0.00010550040761500001,JTRDAFXU
388,,0001-01-01T00:00:00,2018-05-25,Fx:US:XX:XX:X:XX:X2BU:XXXX:JP,False,,,0,-8.6254815893e-05,JTRDAFXU
389,,0001-01-01T00:00:00,2018-05-28,Fx:US:XX:XX:X:XX:X2BU:XXXX:JP,False,,,0,-5.7537951073000006e-05,JTRDAFXU
390,,0001-01-01T00:00:00,2018-05-29,Fx:US:XX:XX:X:XX:X2BU:XXXX:JP,False,,,0,-0.00027821215115500004,JTRDAFXU
391,,0001-01-01T00:00:00,2018-05-30,Fx:US:XX:XX:X:XX:X2BU:XXXX:JP,False,,,0,0.00036526520176,JTRDAFXU
392,,0001-01-01T00:00:00,2018-05-31,Fx:US:XX:XX:X:XX:X2BU:XXXX:JP,False,,,0,9.587727708500001e-05,JTRDAFXU
393,,0001-01-01T00:00:00,2018-06-01,Fx:US:XX:XX:X:XX:X2BU:XXXX:JP,False,,,0,5.7487783845e-05,JTRDAFXU
394,,0001-01-01T00:00:00,2018-06-04,Fx:US:XX:XX:X:XX:X2BU:XXXX:JP,False,,,0,-0.0008045052292830001,JTRDAFXU
395,,0001-01-01T00:00:00,2018-06-05,Fx:US:XX:XX:X:XX:X2BU:XXXX:JP,False,,,0,0.00039489905994700004,JTRDAFXU
396,,0001-01-01T00:00:00,2018-06-06,Fx:US:XX:XX:X:XX:X2BU:XXXX:JP,False,,,0,-0.00059551824495,JTRDAFXU
397,,0001-01-01T00:00:00,2018-06-07,Fx:US:XX:XX:X:XX:X2BU:XXXX:JP,False,,,0,0.00024113352045200003,JTRDAFXU
398,,0001-01-01T00:00:00,2018-06-08,Fx:US:XX:XX:X:XX:X2BU:XXXX:JP,False,,,0,0.00038516350190600005,JTRDAFXU
399,,0001-01-01T00:00:00,2018-06-11,Fx:US:XX:XX:X:XX:X2BU:XXXX:JP,False,,,0,0.0,JTRDAFXU
400,,0001-01-01T00:00:00,2018-06-12,Fx:US:XX:XX:X:XX:X2BU:XXXX:JP,False,,,0,0.0,JTRDAFXU
401,,0001-01-01T00:00:00,2018-06-13,Fx:US:XX:XX:X:XX:X2BU:XXXX:JP,False,,,0,0.0,JTRDAFXU
402,,0001-01-01T00:00:00,2018-06-14,Fx:US:XX:XX:X:XX:X2BU:XXXX:JP,False,,,0,0.0,JTRDAFXU
403,,0001-01-01T00:00:00,2018-06-15,Fx:US:XX:XX:X:XX:X2BU:XXXX:JP,False,,,0,0.0,JTRDAFXU
404,,0001-01-01T00:00:00,2018-06-18,Fx:US:XX:XX:X:XX:X2BU:XXXX:JP,False,,,0,0.0,JTRDAFXU
405,,0001-01-01T00:00:00,2018-06-19,Fx:US:XX:XX:X:XX:X2BU:XXXX:JP,False,,,0,0.0,JTRDAFXU
406,,0001-01-01T00:00:00,2018-06-20,Fx:US:XX:XX:X:XX:X2BU:XXXX:JP,False,,,0,0.0,JTRDAFXU
407,,0001-01-01T00:00:00,2018-06-21,Fx:US:XX:XX:X:XX:X2BU:XXXX:JP,False,,,0,0.0,JTRDAFXU
408,,0001-01-01T00:00:00,2018-06-22,Fx:US:XX:XX:X:XX:X2BU:XXXX:JP,False,,,0,0.0,JTRDAFXU
409,,0001-01-01T00:00:00,2018-06-25,Fx:US:XX:XX:X:XX:X2BU:XXXX:JP,False,,,0,0.0,JTRDAFXU
410,,0001-01-01T00:00:00,2018-06-26,Fx:US:XX:XX:X:XX:X2BU:XXXX:JP,False,,,0,6.7222371605e-05,JTRDAFXU
411,,0001-01-01T00:00:00,2018-06-27,Fx:US:XX:XX:X:XX:X2BU:XXXX:JP,False,,,0,0.00010558547143900001,JTRDAFXU
412,,0001-01-01T00:00:00,2018-06-28,Fx:US:XX:XX:X:XX:X2BU:XXXX:JP,False,,,0,0.000335705653283,JTRDAFXU
413,,0001-01-01T00:00:00,2018-06-29,Fx:US:XX:XX:X:XX:X2BU:XXXX:JP,False,,,0,-0.00040190233773100006,JTRDAFXU
414,,0001-01-01T00:00:00,2018-07-02,Fx:US:XX:XX:X:XX:X2BU:XXXX:JP,False,,,0,0.000585362108838,JTRDAFXU
415,,0001-01-01T00:00:00,2018-07-03,Fx:US:XX:XX:X:XX:X2BU:XXXX:JP,False,,,0,-0.00047784701250000005,JTRDAFXU
416,,0001-01-01T00:00:00,2018-07-04,Fx:US:XX:XX:X:XX:X2BU:XXXX:JP,False,,,0,-9.589014824000001e-06,JTRDAFXU
417,,0001-01-01T00:00:00,2018-07-05,Fx:US:XX:XX:X:XX:X2BU:XXXX:JP,False,,,0,-7.671726809800001e-05,JTRDAFXU
418,,0001-01-01T00:00:00,2018-07-06,Fx:US:XX:XX:X:XX:X2BU:XXXX:JP,False,,,0,-0.000383792445045,JTRDAFXU
419,,0001-01-01T00:00:00,2018-07-09,Fx:US:XX:XX:X:XX:X2BU:XXXX:JP,False,,,0,-0.00040406761398,JTRDAFXU
420,,0001-01-01T00:00:00,2018-07-10,Fx:US:XX:XX:X:XX:X2BU:XXXX:JP,False,,,0,2.8943839303e-05,JTRDAFXU
421,,0001-01-01T00:00:00,2018-07-11,Fx:US:XX:XX:X:XX:X2BU:XXXX:JP,False,,,0,0.0005112375807850001,JTRDAFXU
422,,0001-01-01T00:00:00,2018-07-12,Fx:US:XX:XX:X:XX:X2BU:XXXX:JP,False,,,0,0.0,JTRDAFXU
423,,0001-01-01T00:00:00,2018-07-13,Fx:US:XX:XX:X:XX:X2BU:XXXX:JP,False,,,0,0.0,JTRDAFXU
424,,0001-01-01T00:00:00,2018-07-16,Fx:US:XX:XX:X:XX:X2BU:XXXX:JP,False,,,0,0.0,JTRDAFXU
425,,0001-01-01T00:00:00,2018-07-17,Fx:US:XX:XX:X:XX:X2BU:XXXX:JP,False,,,0,0.0,JTRDAFXU
426,,0001-01-01T00:00:00,2018-07-18,Fx:US:XX:XX:X:XX:X2BU:XXXX:JP,False,,,0,0.0,JTRDAFXU
427,,0001-01-01T00:00:00,2018-07-19,Fx:US:XX:XX:X:XX:X2BU:XXXX:JP,False,,,0,0.0,JTRDAFXU
428,,0001-01-01T00:00:00,2018-07-20,Fx:US:XX:XX:X:XX:X2BU:XXXX:JP,False,,,0,0.0,JTRDAFXU
429,,0001-01-01T00:00:00,2018-07-23,Fx:US:XX:XX:X:XX:X2BU:XXXX:JP,False,,,0,0.0,JTRDAFXU
430,,0001-01-01T00:00:00,2018-07-24,Fx:US:XX:XX:X:XX:X2BU:XXXX:JP,False,,,0,0.0,JTRDAFXU
431,,0001-01-01T00:00:00,2018-07-25,Fx:US:XX:XX:X:XX:X2BU:XXXX:JP,False,,,0,0.0,JTRDAFXU
432,,0001-01-01T00:00:00,2018-07-26,Fx:US:XX:XX:X:XX:X2BU:XXXX:JP,False,,,0,0.0,JTRDAFXU
433,,0001-01-01T00:00:00,2018-07-27,Fx:US:XX:XX:X:XX:X2BU:XXXX:JP,False,,,0,0.0,JTRDAFXU
434,,0001-01-01T00:00:00,2018-07-30,Fx:US:XX:XX:X:XX:X2BU:XXXX:JP,False,,,0,0.0,JTRDAFXU
435,,0001-01-01T00:00:00,2018-07-31,Fx:US:XX:XX:X:XX:X2BU:XXXX:JP,False,,,0,0.0,JTRDAFXU
436,,0001-01-01T00:00:00,2018-08-01,Fx:US:XX:XX:X:XX:X2BU:XXXX:JP,False,,,0,0.0,JTRDAFXU
437,,0001-01-01T00:00:00,2018-08-02,Fx:US:XX:XX:X:XX:X2BU:XXXX:JP,False,,,0,0.0,JTRDAFXU
438,,0001-01-01T00:00:00,2018-08-03,Fx:US:XX:XX:X:XX:X2BU:XXXX:JP,False,,,0,0.0,JTRDAFXU
439,,0001-01-01T00:00:00,2018-08-06,Fx:US:XX:XX:X:XX:X2BU:XXXX:JP,False,,,0,0.0,JTRDAFXU
440,,0001-01-01T00:00:00,2018-08-07,Fx:US:XX:XX:X:XX:X2BU:XXXX:JP,False,,,0,0.0,JTRDAFXU
441,,0001-01-01T00:00:00,2018-08-08,Fx:US:XX:XX:X:XX:X2BU:XXXX:JP,False,,,0,0.0,JTRDAFXU
442,,0001-01-01T00:00:00,2018-08-09,Fx:US:XX:XX:X:XX:X2BU:XXXX:JP,False,,,0,0.0,JTRDAFXU
443,,0001-01-01T00:00:00,2018-08-10,Fx:US:XX:XX:X:XX:X2BU:XXXX:JP,False,,,0,-0.00074970444344,JTRDAFXU
444,,0001-01-01T00:00:00,2018-08-13,Fx:US:XX:XX:X:XX:X2BU:XXXX:JP,False,,,0,-0.000357505193487,JTRDAFXU
445,,0001-01-01T00:00:00,2018-08-14,Fx:US:XX:XX:X:XX:X2BU:XXXX:JP,False,,,0,-0.000271223216707,JTRDAFXU
446,,0001-01-01T00:00:00,2018-08-15,Fx:US:XX:XX:X:XX:X2BU:XXXX:JP,False,,,0,0.0,JTRDAFXU
447,,0001-01-01T00:00:00,2018-08-16,Fx:US:XX:XX:X:XX:X2BU:XXXX:JP,False,,,0,0.0,JTRDAFXU
448,,0001-01-01T00:00:00,2018-08-17,Fx:US:XX:XX:X:XX:X2BU:XXXX:JP,False,,,0,0.0,JTRDAFXU
449,,0001-01-01T00:00:00,2018-08-20,Fx:US:XX:XX:X:XX:X2BU:XXXX:JP,False,,,0,0.0,JTRDAFXU
450,,0001-01-01T00:00:00,2018-08-21,Fx:US:XX:XX:X:XX:X2BU:XXXX:JP,False,,,0,0.0,JTRDAFXU
451,,0001-01-01T00:00:00,2018-08-22,Fx:US:XX:XX:X:XX:X2BU:XXXX:JP,False,,,0,0.0,JTRDAFXU
452,,0001-01-01T00:00:00,2018-08-23,Fx:US:XX:XX:X:XX:X2BU:XXXX:JP,False,,,0,0.0,JTRDAFXU
453,,0001-01-01T00:00:00,2018-08-24,Fx:US:XX:XX:X:XX:X2BU:XXXX:JP,False,,,0,0.0,JTRDAFXU
454,,0001-01-01T00:00:00,2018-08-27,Fx:US:XX:XX:X:XX:X2BU:XXXX:JP,False,,,0,0.0,JTRDAFXU
455,,0001-01-01T00:00:00,2018-08-28,Fx:US:XX:XX:X:XX:X2BU:XXXX:JP,False,,,0,0.0,JTRDAFXU
456,,0001-01-01T00:00:00,2018-08-29,Fx:US:XX:XX:X:XX:X2BU:XXXX:JP,False,,,0,0.0,JTRDAFXU
457,,0001-01-01T00:00:00,2018-08-30,Fx:US:XX:XX:X:XX:X2BU:XXXX:JP,False,,,0,0.0,JTRDAFXU
458,,0001-01-01T00:00:00,2018-08-31,Fx:US:XX:XX:X:XX:X2BU:XXXX:JP,False,,,0,0.0,JTRDAFXU
459,,0001-01-01T00:00:00,2018-09-03,Fx:US:XX:XX:X:XX:X2BU:XXXX:JP,False,,,0,0.0,JTRDAFXU
460,,0001-01-01T00:00:00,2018-09-04,Fx:US:XX:XX:X:XX:X2BU:XXXX:JP,False,,,0,0.0,JTRDAFXU
461,,0001-01-01T00:00:00,2018-09-05,Fx:US:XX:XX:X:XX:X2BU:XXXX:JP,False,,,0,0.0,JTRDAFXU
462,,0001-01-01T00:00:00,2018-09-06,Fx:US:XX:XX:X:XX:X2BU:XXXX:JP,False,,,0,0.0,JTRDAFXU
463,,0001-01-01T00:00:00,2018-09-07,Fx:US:XX:XX:X:XX:X2BU:XXXX:JP,False,,,0,0.0,JTRDAFXU
464,,0001-01-01T00:00:00,2018-09-10,Fx:US:XX:XX:X:XX:X2BU:XXXX:JP,False,,,0,0.0,JTRDAFXU
465,,0001-01-01T00:00:00,2018-09-11,Fx:US:XX:XX:X:XX:X2BU:XXXX:JP,False,,,0,0.0,JTRDAFXU
466,,0001-01-01T00:00:00,2018-09-12,Fx:US:XX:XX:X:XX:X2BU:XXXX:JP,False,,,0,-0.000417313664596,JTRDAFXU
467,,0001-01-01T00:00:00,2018-09-13,Fx:US:XX:XX:X:XX:X2BU:XXXX:JP,False,,,0,-0.0004964035079180001,JTRDAFXU
468,,0001-01-01T00:00:00,2018-09-14,Fx:US:XX:XX:X:XX:X2BU:XXXX:JP,False,,,0,4.8836709577000007e-05,JTRDAFXU
469,,0001-01-01T00:00:00,2018-09-17,Fx:US:XX:XX:X:XX:X2BU:XXXX:JP,False,,,0,9.764004022000001e-06,JTRDAFXU
470,,0001-01-01T00:00:00,2018-09-18,Fx:US:XX:XX:X:XX:X2BU:XXXX:JP,False,,,0,0.0,JTRDAFXU
471,,0001-01-01T00:00:00,2018-09-19,Fx:US:XX:XX:X:XX:X2BU:XXXX:JP,False,,,0,0.0,JTRDAFXU
472,,0001-01-01T00:00:00,2018-09-20,Fx:US:XX:XX:X:XX:X2BU:XXXX:JP,False,,,0,0.0,JTRDAFXU
473,,0001-01-01T00:00:00,2018-09-21,Fx:US:XX:XX:X:XX:X2BU:XXXX:JP,False,,,0,0.0,JTRDAFXU
474,,0001-01-01T00:00:00,2018-09-24,Fx:US:XX:XX:X:XX:X2BU:XXXX:JP,False,,,0,0.0,JTRDAFXU
475,,0001-01-01T00:00:00,2018-09-25,Fx:US:XX:XX:X:XX:X2BU:XXXX:JP,False,,,0,0.0,JTRDAFXU
476,,0001-01-01T00:00:00,2018-09-26,Fx:US:XX:XX:X:XX:X2BU:XXXX:JP,False,,,0,0.0,JTRDAFXU
477,,0001-01-01T00:00:00,2018-09-27,Fx:US:XX:XX:X:XX:X2BU:XXXX:JP,False,,,0,0.0,JTRDAFXU
478,,0001-01-01T00:00:00,2018-09-28,Fx:US:XX:XX:X:XX:X2BU:XXXX:JP,False,,,0,0.0,JTRDAFXU
479,,0001-01-01T00:00:00,2018-10-01,Fx:US:XX:XX:X:XX:X2BU:XXXX:JP,False,,,0,0.0,JTRDAFXU
480,,0001-01-01T00:00:00,2018-05-02,Fx:US:XX:XX:X:XX:X2BU:XXXX:JP,False,,,0,0.0,JTRDNFXU
481,,0001-01-01T00:00:00,2018-05-03,Fx:US:XX:XX:X:XX:X2BU:XXXX:JP,False,,,0,0.0,JTRDNFXU
482,,0001-01-01T00:00:00,2018-05-04,Fx:US:XX:XX:X:XX:X2BU:XXXX:JP,False,,,0,0.0,JTRDNFXU
483,,0001-01-01T00:00:00,2018-05-07,Fx:US:XX:XX:X:XX:X2BU:XXXX:JP,False,,,0,0.0,JTRDNFXU
484,,0001-01-01T00:00:00,2018-05-08,Fx:US:XX:XX:X:XX:X2BU:XXXX:JP,False,,,0,0.0,JTRDNFXU
485,,0001-01-01T00:00:00,2018-05-09,Fx:US:XX:XX:X:XX:X2BU:XXXX:JP,False,,,0,0.0,JTRDNFXU
486,,0001-01-01T00:00:00,2018-05-10,Fx:US:XX:XX:X:XX:X2BU:XXXX:JP,False,,,0,0.0,JTRDNFXU
487,,0001-01-01T00:00:00,2018-05-11,Fx:US:XX:XX:X:XX:X2BU:XXXX:JP,False,,,0,0.0,JTRDNFXU
488,,0001-01-01T00:00:00,2018-05-14,Fx:US:XX:XX:X:XX:X2BU:XXXX:JP,False,,,0,0.0,JTRDNFXU
489,,0001-01-01T00:00:00,2018-05-15,Fx:US:XX:XX:X:XX:X2BU:XXXX:JP,False,,,0,0.0,JTRDNFXU
490,,0001-01-01T00:00:00,2018-05-16,Fx:US:XX:XX:X:XX:X2BU:XXXX:JP,False,,,0,0.0,JTRDNFXU
491,,0001-01-01T00:00:00,2018-05-17,Fx:US:XX:XX:X:XX:X2BU:XXXX:JP,False,,,0,0.0,JTRDNFXU
492,,0001-01-01T00:00:00,2018-05-18,Fx:US:XX:XX:X:XX:X2BU:XXXX:JP,False,,,0,0.0,JTRDNFXU
493,,0001-01-01T00:00:00,2018-05-21,Fx:US:XX:XX:X:XX:X2BU:XXXX:JP,False,,,0,0.0,JTRDNFXU
494,,0001-01-01T00:00:00,2018-05-22,Fx:US:XX:XX:X:XX:X2BU:XXXX:JP,False,,,0,0.0,JTRDNFXU
495,,0001-01-01T00:00:00,2018-05-23,Fx:US:XX:XX:X:XX:X2BU:XXXX:JP,False,,,0,0.0,JTRDNFXU
496,,0001-01-01T00:00:00,2018-05-24,Fx:US:XX:XX:X:XX:X2BU:XXXX:JP,False,,,0,0.0,JTRDNFXU
497,,0001-01-01T00:00:00,2018-05-25,Fx:US:XX:XX:X:XX:X2BU:XXXX:JP,False,,,0,0.0,JTRDNFXU
498,,0001-01-01T00:00:00,2018-05-28,Fx:US:XX:XX:X:XX:X2BU:XXXX:JP,False,,,0,0.0,JTRDNFXU
499,,0001-01-01T00:00:00,2018-05-29,Fx:US:XX:XX:X:XX:X2BU:XXXX:JP,False,,,0,0.0,JTRDNFXU
500,,0001-01-01T00:00:00,2018-05-30,Fx:US:XX:XX:X:XX:X2BU:XXXX:JP,False,,,0,0.0,JTRDNFXU
501,,0001-01-01T00:00:00,2018-05-31,Fx:US:XX:XX:X:XX:X2BU:XXXX:JP,False,,,0,0.0,JTRDNFXU
502,,0001-01-01T00:00:00,2018-06-01,Fx:US:XX:XX:X:XX:X2BU:XXXX:JP,False,,,0,0.0,JTRDNFXU
503,,0001-01-01T00:00:00,2018-06-04,Fx:US:XX:XX:X:XX:X2BU:XXXX:JP,False,,,0,0.0,JTRDNFXU
504,,0001-01-01T00:00:00,2018-06-05,Fx:US:XX:XX:X:XX:X2BU:XXXX:JP,False,,,0,0.0,JTRDNFXU
505,,0001-01-01T00:00:00,2018-06-06,Fx:US:XX:XX:X:XX:X2BU:XXXX:JP,False,,,0,0.0,JTRDNFXU
506,,0001-01-01T00:00:00,2018-06-07,Fx:US:XX:XX:X:XX:X2BU:XXXX:JP,False,,,0,0.0,JTRDNFXU
507,,0001-01-01T00:00:00,2018-06-08,Fx:US:XX:XX:X:XX:X2BU:XXXX:JP,False,,,0,0.0,JTRDNFXU
508,,0001-01-01T00:00:00,2018-06-11,Fx:US:XX:XX:X:XX:X2BU:XXXX:JP,False,,,0,0.0,JTRDNFXU
509,,0001-01-01T00:00:00,2018-06-12,Fx:US:XX:XX:X:XX:X2BU:XXXX:JP,False,,,0,0.0,JTRDNFXU
510,,0001-01-01T00:00:00,2018-06-13,Fx:US:XX:XX:X:XX:X2BU:XXXX:JP,False,,,0,0.0,JTRDNFXU
511,,0001-01-01T00:00:00,2018-06-14,Fx:US:XX:XX:X:XX:X2BU:XXXX:JP,False,,,0,0.0,JTRDNFXU
512,,0001-01-01T00:00:00,2018-06-15,Fx:US:XX:XX:X:XX:X2BU:XXXX:JP,False,,,0,0.0,JTRDNFXU
513,,0001-01-01T00:00:00,2018-06-18,Fx:US:XX:XX:X:XX:X2BU:XXXX:JP,False,,,0,0.0,JTRDNFXU
514,,0001-01-01T00:00:00,2018-06-19,Fx:US:XX:XX:X:XX:X2BU:XXXX:JP,False,,,0,0.0,JTRDNFXU
515,,0001-01-01T00:00:00,2018-06-20,Fx:US:XX:XX:X:XX:X2BU:XXXX:JP,False,,,0,0.0,JTRDNFXU
516,,0001-01-01T00:00:00,2018-06-21,Fx:US:XX:XX:X:XX:X2BU:XXXX:JP,False,,,0,0.0,JTRDNFXU
517,,0001-01-01T00:00:00,2018-06-22,Fx:US:XX:XX:X:XX:X2BU:XXXX:JP,False,,,0,0.0,JTRDNFXU
518,,0001-01-01T00:00:00,2018-06-25,Fx:US:XX:XX:X:XX:X2BU:XXXX:JP,False,,,0,1.0013117183e-05,JTRDNFXU
519,,0001-01-01T00:00:00,2018-06-26,Fx:US:XX:XX:X:XX:X2BU:XXXX:JP,False,,,0,0.000350434538828,JTRDNFXU
520,,0001-01-01T00:00:00,2018-06-27,Fx:US:XX:XX:X:XX:X2BU:XXXX:JP,False,,,0,0.0005193715604110001,JTRDNFXU
521,,0001-01-01T00:00:00,2018-06-28,Fx:US:XX:XX:X:XX:X2BU:XXXX:JP,False,,,0,0.0,JTRDNFXU
522,,0001-01-01T00:00:00,2018-06-29,Fx:US:XX:XX:X:XX:X2BU:XXXX:JP,False,,,0,0.0,JTRDNFXU
523,,0001-01-01T00:00:00,2018-07-02,Fx:US:XX:XX:X:XX:X2BU:XXXX:JP,False,,,0,0.0,JTRDNFXU
524,,0001-01-01T00:00:00,2018-07-03,Fx:US:XX:XX:X:XX:X2BU:XXXX:JP,False,,,0,0.0,JTRDNFXU
525,,0001-01-01T00:00:00,2018-07-04,Fx:US:XX:XX:X:XX:X2BU:XXXX:JP,False,,,0,0.0,JTRDNFXU
526,,0001-01-01T00:00:00,2018-07-05,Fx:US:XX:XX:X:XX:X2BU:XXXX:JP,False,,,0,-0.00026869682042,JTRDNFXU
527,,0001-01-01T00:00:00,2018-07-06,Fx:US:XX:XX:X:XX:X2BU:XXXX:JP,False,,,0,-0.00046861290579800006,JTRDNFXU
528,,0001-01-01T00:00:00,2018-07-09,Fx:US:XX:XX:X:XX:X2BU:XXXX:JP,False,,,0,-0.00010003301089300001,JTRDNFXU
529,,0001-01-01T00:00:00,2018-07-10,Fx:US:XX:XX:X:XX:X2BU:XXXX:JP,False,,,0,0.000100103106199,JTRDNFXU
530,,0001-01-01T00:00:00,2018-07-11,Fx:US:XX:XX:X:XX:X2BU:XXXX:JP,False,,,0,0.000320105634859,JTRDNFXU
531,,0001-01-01T00:00:00,2018-07-12,Fx:US:XX:XX:X:XX:X2BU:XXXX:JP,False,,,0,0.0,JTRDNFXU
532,,0001-01-01T00:00:00,2018-07-13,Fx:US:XX:XX:X:XX:X2BU:XXXX:JP,False,,,0,0.0,JTRDNFXU
533,,0001-01-01T00:00:00,2018-07-16,Fx:US:XX:XX:X:XX:X2BU:XXXX:JP,False,,,0,0.0,JTRDNFXU
534,,0001-01-01T00:00:00,2018-07-17,Fx:US:XX:XX:X:XX:X2BU:XXXX:JP,False,,,0,0.0,JTRDNFXU
535,,0001-01-01T00:00:00,2018-07-18,Fx:US:XX:XX:X:XX:X2BU:XXXX:JP,False,,,0,0.0,JTRDNFXU
536,,0001-01-01T00:00:00,2018-07-19,Fx:US:XX:XX:X:XX:X2BU:XXXX:JP,False,,,0,0.0,JTRDNFXU
537,,0001-01-01T00:00:00,2018-07-20,Fx:US:XX:XX:X:XX:X2BU:XXXX:JP,False,,,0,0.0,JTRDNFXU
538,,0001-01-01T00:00:00,2018-07-23,Fx:US:XX:XX:X:XX:X2BU:XXXX:JP,False,,,0,0.0,JTRDNFXU
539,,0001-01-01T00:00:00,2018-07-24,Fx:US:XX:XX:X:XX:X2BU:XXXX:JP,False,,,0,0.0,JTRDNFXU
540,,0001-01-01T00:00:00,2018-07-25,Fx:US:XX:XX:X:XX:X2BU:XXXX:JP,False,,,0,0.0,JTRDNFXU
541,,0001-01-01T00:00:00,2018-07-26,Fx:US:XX:XX:X:XX:X2BU:XXXX:JP,False,,,0,0.0,JTRDNFXU
542,,0001-01-01T00:00:00,2018-07-27,Fx:US:XX:XX:X:XX:X2BU:XXXX:JP,False,,,0,0.0,JTRDNFXU
543,,0001-01-01T00:00:00,2018-07-30,Fx:US:XX:XX:X:XX:X2BU:XXXX:JP,False,,,0,0.0,JTRDNFXU
544,,0001-01-01T00:00:00,2018-07-31,Fx:US:XX:XX:X:XX:X2BU:XXXX:JP,False,,,0,0.0,JTRDNFXU
545,,0001-01-01T00:00:00,2018-08-01,Fx:US:XX:XX:X:XX:X2BU:XXXX:JP,False,,,0,0.0,JTRDNFXU
546,,0001-01-01T00:00:00,2018-08-02,Fx:US:XX:XX:X:XX:X2BU:XXXX:JP,False,,,0,0.0,JTRDNFXU
547,,0001-01-01T00:00:00,2018-08-03,Fx:US:XX:XX:X:XX:X2BU:XXXX:JP,False,,,0,0.0,JTRDNFXU
548,,0001-01-01T00:00:00,2018-08-06,Fx:US:XX:XX:X:XX:X2BU:XXXX:JP,False,,,0,0.0,JTRDNFXU
549,,0001-01-01T00:00:00,2018-08-07,Fx:US:XX:XX:X:XX:X2BU:XXXX:JP,False,,,0,0.0,JTRDNFXU
550,,0001-01-01T00:00:00,2018-08-08,Fx:US:XX:XX:X:XX:X2BU:XXXX:JP,False,,,0,0.0,JTRDNFXU
551,,0001-01-01T00:00:00,2018-08-09,Fx:US:XX:XX:X:XX:X2BU:XXXX:JP,False,,,0,0.0,JTRDNFXU
552,,0001-01-01T00:00:00,2018-08-10,Fx:US:XX:XX:X:XX:X2BU:XXXX:JP,False,,,0,0.0,JTRDNFXU
553,,0001-01-01T00:00:00,2018-08-13,Fx:US:XX:XX:X:XX:X2BU:XXXX:JP,False,,,0,0.0,JTRDNFXU
554,,0001-01-01T00:00:00,2018-08-14,Fx:US:XX:XX:X:XX:X2BU:XXXX:JP,False,,,0,0.0,JTRDNFXU
555,,0001-01-01T00:00:00,2018-08-15,Fx:US:XX:XX:X:XX:X2BU:XXXX:JP,False,,,0,0.0,JTRDNFXU
556,,0001-01-01T00:00:00,2018-08-16,Fx:US:XX:XX:X:XX:X2BU:XXXX:JP,False,,,0,0.0,JTRDNFXU
557,,0001-01-01T00:00:00,2018-08-17,Fx:US:XX:XX:X:XX:X2BU:XXXX:JP,False,,,0,0.0,JTRDNFXU
558,,0001-01-01T00:00:00,2018-08-20,Fx:US:XX:XX:X:XX:X2BU:XXXX:JP,False,,,0,0.0,JTRDNFXU
559,,0001-01-01T00:00:00,2018-08-21,Fx:US:XX:XX:X:XX:X2BU:XXXX:JP,False,,,0,0.0,JTRDNFXU
560,,0001-01-01T00:00:00,2018-08-22,Fx:US:XX:XX:X:XX:X2BU:XXXX:JP,False,,,0,0.0,JTRDNFXU
561,,0001-01-01T00:00:00,2018-08-23,Fx:US:XX:XX:X:XX:X2BU:XXXX:JP,False,,,0,0.0,JTRDNFXU
562,,0001-01-01T00:00:00,2018-08-24,Fx:US:XX:XX:X:XX:X2BU:XXXX:JP,False,,,0,0.0,JTRDNFXU
563,,0001-01-01T00:00:00,2018-08-27,Fx:US:XX:XX:X:XX:X2BU:XXXX:JP,False,,,0,0.0,JTRDNFXU
564,,0001-01-01T00:00:00,2018-08-28,Fx:US:XX:XX:X:XX:X2BU:XXXX:JP,False,,,0,0.0,JTRDNFXU
565,,0001-01-01T00:00:00,2018-08-29,Fx:US:XX:XX:X:XX:X2BU:XXXX:JP,False,,,0,0.0,JTRDNFXU
566,,0001-01-01T00:00:00,2018-08-30,Fx:US:XX:XX:X:XX:X2BU:XXXX:JP,False,,,0,0.0,JTRDNFXU
567,,0001-01-01T00:00:00,2018-08-31,Fx:US:XX:XX:X:XX:X2BU:XXXX:JP,False,,,0,0.0,JTRDNFXU
568,,0001-01-01T00:00:00,2018-09-03,Fx:US:XX:XX:X:XX:X2BU:XXXX:JP,False,,,0,0.0,JTRDNFXU
569,,0001-01-01T00:00:00,2018-09-04,Fx:US:XX:XX:X:XX:X2BU:XXXX:JP,False,,,0,0.0,JTRDNFXU
570,,0001-01-01T00:00:00,2018-09-05,Fx:US:XX:XX:X:XX:X2BU:XXXX:JP,False,,,0,0.000389256520046,JTRDNFXU
571,,0001-01-01T00:00:00,2018-09-06,Fx:US:XX:XX:X:XX:X2BU:XXXX:JP,False,,,0,0.000238891543239,JTRDNFXU
572,,0001-01-01T00:00:00,2018-09-07,Fx:US:XX:XX:X:XX:X2BU:XXXX:JP,False,,,0,-0.000526671436521,JTRDNFXU
573,,0001-01-01T00:00:00,2018-09-10,Fx:US:XX:XX:X:XX:X2BU:XXXX:JP,False,,,0,-0.00018950539092900002,JTRDNFXU
574,,0001-01-01T00:00:00,2018-09-11,Fx:US:XX:XX:X:XX:X2BU:XXXX:JP,False,,,0,-0.000349552572706,JTRDNFXU
575,,0001-01-01T00:00:00,2018-09-12,Fx:US:XX:XX:X:XX:X2BU:XXXX:JP,False,,,0,0.0,JTRDNFXU
576,,0001-01-01T00:00:00,2018-09-13,Fx:US:XX:XX:X:XX:X2BU:XXXX:JP,False,,,0,0.0,JTRDNFXU
577,,0001-01-01T00:00:00,2018-09-14,Fx:US:XX:XX:X:XX:X2BU:XXXX:JP,False,,,0,0.0,JTRDNFXU
578,,0001-01-01T00:00:00,2018-09-17,Fx:US:XX:XX:X:XX:X2BU:XXXX:JP,False,,,0,0.0,JTRDNFXU
579,,0001-01-01T00:00:00,2018-09-18,Fx:US:XX:XX:X:XX:X2BU:XXXX:JP,False,,,0,0.0,JTRDNFXU
580,,0001-01-01T00:00:00,2018-09-19,Fx:US:XX:XX:X:XX:X2BU:XXXX:JP,False,,,0,0.0,JTRDNFXU
581,,0001-01-01T00:00:00,2018-09-20,Fx:US:XX:XX:X:XX:X2BU:XXXX:JP,False,,,0,0.0005906911085970001,JTRDNFXU
582,,0001-01-01T00:00:00,2018-09-21,Fx:US:XX:XX:X:XX:X2BU:XXXX:JP,False,,,0,0.00016949828507600002,JTRDNFXU
583,,0001-01-01T00:00:00,2018-09-24,Fx:US:XX:XX:X:XX:X2BU:XXXX:JP,False,,,0,-0.00028880147388300005,JTRDNFXU
584,,0001-01-01T00:00:00,2018-09-25,Fx:US:XX:XX:X:XX:X2BU:XXXX:JP,False,,,0,-5.9873069093000006e-05,JTRDNFXU
585,,0001-01-01T00:00:00,2018-09-26,Fx:US:XX:XX:X:XX:X2BU:XXXX:JP,False,,,0,-2.9949086552000004e-05,JTRDNFXU
586,,0001-01-01T00:00:00,2018-09-27,Fx:US:XX:XX:X:XX:X2BU:XXXX:JP,False,,,0,-0.00023964293203100002,JTRDNFXU
587,,0001-01-01T00:00:00,2018-09-28,Fx:US:XX:XX:X:XX:X2BU:XXXX:JP,False,,,0,2.0003800722e-05,JTRDNFXU
588,,0001-01-01T00:00:00,2018-10-01,Fx:US:XX:XX:X:XX:X2BU:XXXX:JP,False,,,0,-0.00017000850042500003,JTRDNFXU
589,,0001-01-01T00:00:00,2018-05-02,Fx:US:XX:XX:X:XX:X2BU:XXXX:JP,False,,,0,0.0,JTRDHFXU
590,,0001-01-01T00:00:00,2018-05-03,Fx:US:XX:XX:X:XX:X2BU:XXXX:JP,False,,,0,0.0,JTRDHFXU
591,,0001-01-01T00:00:00,2018-05-04,Fx:US:XX:XX:X:XX:X2BU:XXXX:JP,False,,,0,0.0,JTRDHFXU
592,,0001-01-01T00:00:00,2018-05-07,Fx:US:XX:XX:X:XX:X2BU:XXXX:JP,False,,,0,0.00011379153390900001,JTRDHFXU
593,,0001-01-01T00:00:00,2018-05-08,Fx:US:XX:XX:X:XX:X2BU:XXXX:JP,False,,,0,-6.497198083300001e-05,JTRDHFXU
594,,0001-01-01T00:00:00,2018-05-09,Fx:US:XX:XX:X:XX:X2BU:XXXX:JP,False,,,0,0.000138128280546,JTRDHFXU
595,,0001-01-01T00:00:00,2018-05-10,Fx:US:XX:XX:X:XX:X2BU:XXXX:JP,False,,,0,-2.4352032988000003e-05,JTRDHFXU
596,,0001-01-01T00:00:00,2018-05-11,Fx:US:XX:XX:X:XX:X2BU:XXXX:JP,False,,,0,-0.000194849478777,JTRDHFXU
597,,0001-01-01T00:00:00,2018-05-14,Fx:US:XX:XX:X:XX:X2BU:XXXX:JP,False,,,0,0.0,JTRDHFXU
598,,0001-01-01T00:00:00,2018-05-15,Fx:US:XX:XX:X:XX:X2BU:XXXX:JP,False,,,0,0.0,JTRDHFXU
599,,0001-01-01T00:00:00,2018-05-16,Fx:US:XX:XX:X:XX:X2BU:XXXX:JP,False,,,0,0.0,JTRDHFXU
600,,0001-01-01T00:00:00,2018-05-17,Fx:US:XX:XX:X:XX:X2BU:XXXX:JP,False,,,0,0.0,JTRDHFXU
601,,0001-01-01T00:00:00,2018-05-18,Fx:US:XX:XX:X:XX:X2BU:XXXX:JP,False,,,0,0.0,JTRDHFXU
602,,0001-01-01T00:00:00,2018-05-21,Fx:US:XX:XX:X:XX:X2BU:XXXX:JP,False,,,0,0.0,JTRDHFXU
603,,0001-01-01T00:00:00,2018-05-22,Fx:US:XX:XX:X:XX:X2BU:XXXX:JP,False,,,0,0.0,JTRDHFXU
604,,0001-01-01T00:00:00,2018-05-23,Fx:US:XX:XX:X:XX:X2BU:XXXX:JP,False,,,0,0.0,JTRDHFXU
605,,0001-01-01T00:00:00,2018-05-24,Fx:US:XX:XX:X:XX:X2BU:XXXX:JP,False,,,0,0.0,JTRDHFXU
606,,0001-01-01T00:00:00,2018-05-25,Fx:US:XX:XX:X:XX:X2BU:XXXX:JP,False,,,0,0.0,JTRDHFXU
607,,0001-01-01T00:00:00,2018-05-28,Fx:US:XX:XX:X:XX:X2BU:XXXX:JP,False,,,0,0.0,JTRDHFXU
608,,0001-01-01T00:00:00,2018-05-29,Fx:US:XX:XX:X:XX:X2BU:XXXX:JP,False,,,0,0.0,JTRDHFXU
609,,0001-01-01T00:00:00,2018-05-30,Fx:US:XX:XX:X:XX:X2BU:XXXX:JP,False,,,0,0.0,JTRDHFXU
610,,0001-01-01T00:00:00,2018-05-31,Fx:US:XX:XX:X:XX:X2BU:XXXX:JP,False,,,0,0.0,JTRDHFXU
611,,0001-01-01T00:00:00,2018-06-01,Fx:US:XX:XX:X:XX:X2BU:XXXX:JP,False,,,0,0.0,JTRDHFXU
612,,0001-01-01T00:00:00,2018-06-04,Fx:US:XX:XX:X:XX:X2BU:XXXX:JP,False,,,0,-3.2519267666000006e-05,JTRDHFXU
613,,0001-01-01T00:00:00,2018-06-05,Fx:US:XX:XX:X:XX:X2BU:XXXX:JP,False,,,0,3.2526671870000004e-05,JTRDHFXU
614,,0001-01-01T00:00:00,2018-06-06,Fx:US:XX:XX:X:XX:X2BU:XXXX:JP,False,,,0,-0.00037397157816000003,JTRDHFXU
615,,0001-01-01T00:00:00,2018-06-07,Fx:US:XX:XX:X:XX:X2BU:XXXX:JP,False,,,0,-0.000383104285877,JTRDHFXU
616,,0001-01-01T00:00:00,2018-06-08,Fx:US:XX:XX:X:XX:X2BU:XXXX:JP,False,,,0,0.00041682672267900005,JTRDHFXU
617,,0001-01-01T00:00:00,2018-06-11,Fx:US:XX:XX:X:XX:X2BU:XXXX:JP,False,,,0,-8.964224594500001e-05,JTRDHFXU
618,,0001-01-01T00:00:00,2018-06-12,Fx:US:XX:XX:X:XX:X2BU:XXXX:JP,False,,,0,8.154411944000001e-06,JTRDHFXU
619,,0001-01-01T00:00:00,2018-06-13,Fx:US:XX:XX:X:XX:X2BU:XXXX:JP,False,,,0,5.7077625570000006e-05,JTRDHFXU
620,,0001-01-01T00:00:00,2018-06-14,Fx:US:XX:XX:X:XX:X2BU:XXXX:JP,False,,,0,0.000529794847133,JTRDHFXU
621,,0001-01-01T00:00:00,2018-06-15,Fx:US:XX:XX:X:XX:X2BU:XXXX:JP,False,,,0,0.00019489378288800003,JTRDHFXU
622,,0001-01-01T00:00:00,2018-06-18,Fx:US:XX:XX:X:XX:X2BU:XXXX:JP,False,,,0,-3.2438043337e-05,JTRDHFXU
623,,0001-01-01T00:00:00,2018-06-19,Fx:US:XX:XX:X:XX:X2BU:XXXX:JP,False,,,0,0.00014600434768500002,JTRDHFXU
624,,0001-01-01T00:00:00,2018-06-20,Fx:US:XX:XX:X:XX:X2BU:XXXX:JP,False,,,0,-8.913378170300001e-05,JTRDHFXU
625,,0001-01-01T00:00:00,2018-06-21,Fx:US:XX:XX:X:XX:X2BU:XXXX:JP,False,,,0,-0.00042973089116400004,JTRDHFXU
626,,0001-01-01T00:00:00,2018-06-22,Fx:US:XX:XX:X:XX:X2BU:XXXX:JP,False,,,0,-0.00023584522047400002,JTRDHFXU
627,,0001-01-01T00:00:00,2018-06-25,Fx:US:XX:XX:X:XX:X2BU:XXXX:JP,False,,,0,-0.000219943140625,JTRDHFXU
628,,0001-01-01T00:00:00,2018-06-26,Fx:US:XX:XX:X:XX:X2BU:XXXX:JP,False,,,0,0.00029370971689600005,JTRDHFXU
629,,0001-01-01T00:00:00,2018-06-27,Fx:US:XX:XX:X:XX:X2BU:XXXX:JP,False,,,0,0.0007083421536850001,JTRDHFXU
630,,0001-01-01T00:00:00,2018-06-28,Fx:US:XX:XX:X:XX:X2BU:XXXX:JP,False,,,0,0.00044559308439500004,JTRDHFXU
631,,0001-01-01T00:00:00,2018-06-29,Fx:US:XX:XX:X:XX:X2BU:XXXX:JP,False,,,0,-0.0007026555534010001,JTRDHFXU
632,,0001-01-01T00:00:00,2018-07-02,Fx:US:XX:XX:X:XX:X2BU:XXXX:JP,False,,,0,0.00030842403434800004,JTRDHFXU
633,,0001-01-01T00:00:00,2018-07-03,Fx:US:XX:XX:X:XX:X2BU:XXXX:JP,False,,,0,0.0,JTRDHFXU
634,,0001-01-01T00:00:00,2018-07-04,Fx:US:XX:XX:X:XX:X2BU:XXXX:JP,False,,,0,0.0,JTRDHFXU
635,,0001-01-01T00:00:00,2018-07-05,Fx:US:XX:XX:X:XX:X2BU:XXXX:JP,False,,,0,0.0,JTRDHFXU
636,,0001-01-01T00:00:00,2018-07-06,Fx:US:XX:XX:X:XX:X2BU:XXXX:JP,False,,,0,0.00039684789387100004,JTRDHFXU
637,,0001-01-01T00:00:00,2018-07-09,Fx:US:XX:XX:X:XX:X2BU:XXXX:JP,False,,,0,-0.00020191251534500002,JTRDHFXU
638,,0001-01-01T00:00:00,2018-07-10,Fx:US:XX:XX:X:XX:X2BU:XXXX:JP,False,,,0,-0.000404396599833,JTRDHFXU
639,,0001-01-01T00:00:00,2018-07-11,Fx:US:XX:XX:X:XX:X2BU:XXXX:JP,False,,,0,3.2443568468e-05,JTRDHFXU
640,,0001-01-01T00:00:00,2018-07-12,Fx:US:XX:XX:X:XX:X2BU:XXXX:JP,False,,,0,-0.0010298494149310001,JTRDHFXU
641,,0001-01-01T00:00:00,2018-07-13,Fx:US:XX:XX:X:XX:X2BU:XXXX:JP,False,,,0,-0.000506411827166,JTRDHFXU
642,,0001-01-01T00:00:00,2018-07-16,Fx:US:XX:XX:X:XX:X2BU:XXXX:JP,False,,,0,0.000663956195285,JTRDHFXU
643,,0001-01-01T00:00:00,2018-07-17,Fx:US:XX:XX:X:XX:X2BU:XXXX:JP,False,,,0,4.0795346066000006e-05,JTRDHFXU
644,,0001-01-01T00:00:00,2018-07-18,Fx:US:XX:XX:X:XX:X2BU:XXXX:JP,False,,,0,0.0,JTRDHFXU
645,,0001-01-01T00:00:00,2018-07-19,Fx:US:XX:XX:X:XX:X2BU:XXXX:JP,False,,,0,0.0,JTRDHFXU
646,,0001-01-01T00:00:00,2018-07-20,Fx:US:XX:XX:X:XX:X2BU:XXXX:JP,False,,,0,0.0,JTRDHFXU
647,,0001-01-01T00:00:00,2018-07-23,Fx:US:XX:XX:X:XX:X2BU:XXXX:JP,False,,,0,0.0,JTRDHFXU
648,,0001-01-01T00:00:00,2018-07-24,Fx:US:XX:XX:X:XX:X2BU:XXXX:JP,False,,,0,0.0,JTRDHFXU
649,,0001-01-01T00:00:00,2018-07-25,Fx:US:XX:XX:X:XX:X2BU:XXXX:JP,False,,,0,-6.5253919313e-05,JTRDHFXU
650,,0001-01-01T00:00:00,2018-07-26,Fx:US:XX:XX:X:XX:X2BU:XXXX:JP,False,,,0,0.0,JTRDHFXU
651,,0001-01-01T00:00:00,2018-07-27,Fx:US:XX:XX:X:XX:X2BU:XXXX:JP,False,,,0,-0.00011424654404200001,JTRDHFXU
652,,0001-01-01T00:00:00,2018-07-30,Fx:US:XX:XX:X:XX:X2BU:XXXX:JP,False,,,0,0.000759530887589,JTRDHFXU
653,,0001-01-01T00:00:00,2018-07-31,Fx:US:XX:XX:X:XX:X2BU:XXXX:JP,False,,,0,-0.00017872374994900003,JTRDHFXU
654,,0001-01-01T00:00:00,2018-08-01,Fx:US:XX:XX:X:XX:X2BU:XXXX:JP,False,,,0,-0.000406699148371,JTRDHFXU
655,,0001-01-01T00:00:00,2018-08-02,Fx:US:XX:XX:X:XX:X2BU:XXXX:JP,False,,,0,-0.00017945852468700003,JTRDHFXU
656,,0001-01-01T00:00:00,2018-08-03,Fx:US:XX:XX:X:XX:X2BU:XXXX:JP,False,,,0,0.00011434452003800001,JTRDHFXU
657,,0001-01-01T00:00:00,2018-08-06,Fx:US:XX:XX:X:XX:X2BU:XXXX:JP,False,,,0,0.0,JTRDHFXU
658,,0001-01-01T00:00:00,2018-08-07,Fx:US:XX:XX:X:XX:X2BU:XXXX:JP,False,,,0,0.0,JTRDHFXU
659,,0001-01-01T00:00:00,2018-08-08,Fx:US:XX:XX:X:XX:X2BU:XXXX:JP,False,,,0,0.0,JTRDHFXU
660,,0001-01-01T00:00:00,2018-08-09,Fx:US:XX:XX:X:XX:X2BU:XXXX:JP,False,,,0,0.0,JTRDHFXU
661,,0001-01-01T00:00:00,2018-08-10,Fx:US:XX:XX:X:XX:X2BU:XXXX:JP,False,,,0,0.0,JTRDHFXU
662,,0001-01-01T00:00:00,2018-08-13,Fx:US:XX:XX:X:XX:X2BU:XXXX:JP,False,,,0,0.0,JTRDHFXU
663,,0001-01-01T00:00:00,2018-08-14,Fx:US:XX:XX:X:XX:X2BU:XXXX:JP,False,,,0,0.0,JTRDHFXU
664,,0001-01-01T00:00:00,2018-08-15,Fx:US:XX:XX:X:XX:X2BU:XXXX:JP,False,,,0,0.000171379605826,JTRDHFXU
665,,0001-01-01T00:00:00,2018-08-16,Fx:US:XX:XX:X:XX:X2BU:XXXX:JP,False,,,0,8.966270520500001e-05,JTRDHFXU
666,,0001-01-01T00:00:00,2018-08-17,Fx:US:XX:XX:X:XX:X2BU:XXXX:JP,False,,,0,7.331438020800001e-05,JTRDHFXU
667,,0001-01-01T00:00:00,2018-08-20,Fx:US:XX:XX:X:XX:X2BU:XXXX:JP,False,,,0,-8.956050219000001e-05,JTRDHFXU
668,,0001-01-01T00:00:00,2018-08-21,Fx:US:XX:XX:X:XX:X2BU:XXXX:JP,False,,,0,-0.000668051651798,JTRDHFXU
669,,0001-01-01T00:00:00,2018-08-22,Fx:US:XX:XX:X:XX:X2BU:XXXX:JP,False,,,0,-0.0006875608777860001,JTRDHFXU
670,,0001-01-01T00:00:00,2018-08-23,Fx:US:XX:XX:X:XX:X2BU:XXXX:JP,False,,,0,0.000230295353791,JTRDHFXU
671,,0001-01-01T00:00:00,2018-08-24,Fx:US:XX:XX:X:XX:X2BU:XXXX:JP,False,,,0,-0.00024634789249300003,JTRDHFXU
672,,0001-01-01T00:00:00,2018-08-27,Fx:US:XX:XX:X:XX:X2BU:XXXX:JP,False,,,0,-0.00011516093741000001,JTRDHFXU
673,,0001-01-01T00:00:00,2018-08-28,Fx:US:XX:XX:X:XX:X2BU:XXXX:JP,False,,,0,-0.00026343736365,JTRDHFXU
674,,0001-01-01T00:00:00,2018-08-29,Fx:US:XX:XX:X:XX:X2BU:XXXX:JP,False,,,0,0.0,JTRDHFXU
675,,0001-01-01T00:00:00,2018-08-30,Fx:US:XX:XX:X:XX:X2BU:XXXX:JP,False,,,0,0.0,JTRDHFXU
676,,0001-01-01T00:00:00,2018-08-31,Fx:US:XX:XX:X:XX:X2BU:XXXX:JP,False,,,0,0.0,JTRDHFXU
677,,0001-01-01T00:00:00,2018-09-03,Fx:US:XX:XX:X:XX:X2BU:XXXX:JP,False,,,0,0.0,JTRDHFXU
678,,0001-01-01T00:00:00,2018-09-04,Fx:US:XX:XX:X:XX:X2BU:XXXX:JP,False,,,0,0.0,JTRDHFXU
679,,0001-01-01T00:00:00,2018-09-05,Fx:US:XX:XX:X:XX:X2BU:XXXX:JP,False,,,0,0.0,JTRDHFXU
680,,0001-01-01T00:00:00,2018-09-06,Fx:US:XX:XX:X:XX:X2BU:XXXX:JP,False,,,0,0.0,JTRDHFXU
681,,0001-01-01T00:00:00,2018-09-07,Fx:US:XX:XX:X:XX:X2BU:XXXX:JP,False,,,0,0.0,JTRDHFXU
682,,0001-01-01T00:00:00,2018-09-10,Fx:US:XX:XX:X:XX:X2BU:XXXX:JP,False,,,0,0.0,JTRDHFXU
683,,0001-01-01T00:00:00,2018-09-11,Fx:US:XX:XX:X:XX:X2BU:XXXX:JP,False,,,0,0.0,JTRDHFXU
684,,0001-01-01T00:00:00,2018-09-12,Fx:US:XX:XX:X:XX:X2BU:XXXX:JP,False,,,0,0.0,JTRDHFXU
685,,0001-01-01T00:00:00,2018-09-13,Fx:US:XX:XX:X:XX:X2BU:XXXX:JP,False,,,0,0.0,JTRDHFXU
686,,0001-01-01T00:00:00,2018-09-14,Fx:US:XX:XX:X:XX:X2BU:XXXX:JP,False,,,0,0.0,JTRDHFXU
687,,0001-01-01T00:00:00,2018-09-17,Fx:US:XX:XX:X:XX:X2BU:XXXX:JP,False,,,0,0.0,JTRDHFXU
688,,0001-01-01T00:00:00,2018-09-18,Fx:US:XX:XX:X:XX:X2BU:XXXX:JP,False,,,0,0.0,JTRDHFXU
689,,0001-01-01T00:00:00,2018-09-19,Fx:US:XX:XX:X:XX:X2BU:XXXX:JP,False,,,0,0.0,JTRDHFXU
690,,0001-01-01T00:00:00,2018-09-20,Fx:US:XX:XX:X:XX:X2BU:XXXX:JP,False,,,0,0.0004948576047240001,JTRDHFXU
691,,0001-01-01T00:00:00,2018-09-21,Fx:US:XX:XX:X:XX:X2BU:XXXX:JP,False,,,0,0.00021369804466200002,JTRDHFXU
692,,0001-01-01T00:00:00,2018-09-24,Fx:US:XX:XX:X:XX:X2BU:XXXX:JP,False,,,0,-0.000164137580119,JTRDHFXU
693,,0001-01-01T00:00:00,2018-09-25,Fx:US:XX:XX:X:XX:X2BU:XXXX:JP,False,,,0,-0.000287571173865,JTRDHFXU
694,,0001-01-01T00:00:00,2018-09-26,Fx:US:XX:XX:X:XX:X2BU:XXXX:JP,False,,,0,-0.000304617005861,JTRDHFXU
695,,0001-01-01T00:00:00,2018-09-27,Fx:US:XX:XX:X:XX:X2BU:XXXX:JP,False,,,0,0.0,JTRDHFXU
696,,0001-01-01T00:00:00,2018-09-28,Fx:US:XX:XX:X:XX:X2BU:XXXX:JP,False,,,0,0.0,JTRDHFXU
697,,0001-01-01T00:00:00,2018-10-01,Fx:US:XX:XX:X:XX:X2BU:XXXX:JP,False,,,0,-0.001006559135349,JTRDHFXU
698,,0001-01-01T00:00:00,2018-05-02,Fx:US:XX:XX:X:XX:X2BU:XXXX:JP,False,,,0,0.0,JTRDCFXU
699,,0001-01-01T00:00:00,2018-05-03,Fx:US:XX:XX:X:XX:X2BU:XXXX:JP,False,,,0,-0.000266047254085,JTRDCFXU
700,,0001-01-01T00:00:00,2018-05-04,Fx:US:XX:XX:X:XX:X2BU:XXXX:JP,False,,,0,0.000184530216823,JTRDCFXU
701,,0001-01-01T00:00:00,2018-05-07,Fx:US:XX:XX:X:XX:X2BU:XXXX:JP,False,,,0,2.0476907167000002e-05,JTRDCFXU
702,,0001-01-01T00:00:00,2018-05-08,Fx:US:XX:XX:X:XX:X2BU:XXXX:JP,False,,,0,-0.000593745201412,JTRDCFXU
703,,0001-01-01T00:00:00,2018-05-09,Fx:US:XX:XX:X:XX:X2BU:XXXX:JP,False,,,0,0.000585943523268,JTRDCFXU
704,,0001-01-01T00:00:00,2018-05-10,Fx:US:XX:XX:X:XX:X2BU:XXXX:JP,False,,,0,0.00028665615594,JTRDCFXU
705,,0001-01-01T00:00:00,2018-05-11,Fx:US:XX:XX:X:XX:X2BU:XXXX:JP,False,,,0,-0.000153258270838,JTRDCFXU
706,,0001-01-01T00:00:00,2018-05-14,Fx:US:XX:XX:X:XX:X2BU:XXXX:JP,False,,,0,-0.00010228190939800001,JTRDCFXU
707,,0001-01-01T00:00:00,2018-05-15,Fx:US:XX:XX:X:XX:X2BU:XXXX:JP,False,,,0,0.0006550732351400001,JTRDCFXU
708,,0001-01-01T00:00:00,2018-05-16,Fx:US:XX:XX:X:XX:X2BU:XXXX:JP,False,,,0,-0.00044830713114,JTRDCFXU
709,,0001-01-01T00:00:00,2018-05-17,Fx:US:XX:XX:X:XX:X2BU:XXXX:JP,False,,,0,-4.0883492267000005e-05,JTRDCFXU
710,,0001-01-01T00:00:00,2018-05-18,Fx:US:XX:XX:X:XX:X2BU:XXXX:JP,False,,,0,0.00041917575732700003,JTRDCFXU
711,,0001-01-01T00:00:00,2018-05-21,Fx:US:XX:XX:X:XX:X2BU:XXXX:JP,False,,,0,-0.00015290831617300002,JTRDCFXU
712,,0001-01-01T00:00:00,2018-05-22,Fx:US:XX:XX:X:XX:X2BU:XXXX:JP,False,,,0,-0.000387782800812,JTRDCFXU
713,,0001-01-01T00:00:00,2018-05-23,Fx:US:XX:XX:X:XX:X2BU:XXXX:JP,False,,,0,0.000593490028344,JTRDCFXU
714,,0001-01-01T00:00:00,2018-05-24,Fx:US:XX:XX:X:XX:X2BU:XXXX:JP,False,,,0,0.00010190252004900001,JTRDCFXU
715,,0001-01-01T00:00:00,2018-05-25,Fx:US:XX:XX:X:XX:X2BU:XXXX:JP,False,,,0,-0.00044805148518800006,JTRDCFXU
716,,0001-01-01T00:00:00,2018-05-28,Fx:US:XX:XX:X:XX:X2BU:XXXX:JP,False,,,0,0.0,JTRDCFXU
717,,0001-01-01T00:00:00,2018-05-29,Fx:US:XX:XX:X:XX:X2BU:XXXX:JP,False,,,0,0.0,JTRDCFXU
718,,0001-01-01T00:00:00,2018-05-30,Fx:US:XX:XX:X:XX:X2BU:XXXX:JP,False,,,0,0.0,JTRDCFXU
719,,0001-01-01T00:00:00,2018-05-31,Fx:US:XX:XX:X:XX:X2BU:XXXX:JP,False,,,0,0.0,JTRDCFXU
720,,0001-01-01T00:00:00,2018-06-01,Fx:US:XX:XX:X:XX:X2BU:XXXX:JP,False,,,0,0.0,JTRDCFXU
721,,0001-01-01T00:00:00,2018-06-04,Fx:US:XX:XX:X:XX:X2BU:XXXX:JP,False,,,0,0.0,JTRDCFXU
722,,0001-01-01T00:00:00,2018-06-05,Fx:US:XX:XX:X:XX:X2BU:XXXX:JP,False,,,0,0.0,JTRDCFXU
723,,0001-01-01T00:00:00,2018-06-06,Fx:US:XX:XX:X:XX:X2BU:XXXX:JP,False,,,0,0.0,JTRDCFXU
724,,0001-01-01T00:00:00,2018-06-07,Fx:US:XX:XX:X:XX:X2BU:XXXX:JP,False,,,0,0.0,JTRDCFXU
725,,0001-01-01T00:00:00,2018-06-08,Fx:US:XX:XX:X:XX:X2BU:XXXX:JP,False,,,0,0.0,JTRDCFXU
726,,0001-01-01T00:00:00,2018-06-11,Fx:US:XX:XX:X:XX:X2BU:XXXX:JP,False,,,0,0.0,JTRDCFXU
727,,0001-01-01T00:00:00,2018-06-12,Fx:US:XX:XX:X:XX:X2BU:XXXX:JP,False,,,0,-0.000183870473466,JTRDCFXU
728,,0001-01-01T00:00:00,2018-06-13,Fx:US:XX:XX:X:XX:X2BU:XXXX:JP,False,,,0,-0.000163651055037,JTRDCFXU
729,,0001-01-01T00:00:00,2018-06-14,Fx:US:XX:XX:X:XX:X2BU:XXXX:JP,False,,,0,0.000727034416375,JTRDCFXU
730,,0001-01-01T00:00:00,2018-06-15,Fx:US:XX:XX:X:XX:X2BU:XXXX:JP,False,,,0,0.001681031847912,JTRDCFXU
731,,0001-01-01T00:00:00,2018-06-18,Fx:US:XX:XX:X:XX:X2BU:XXXX:JP,False,,,0,0.000171182873656,JTRDCFXU
732,,0001-01-01T00:00:00,2018-06-19,Fx:US:XX:XX:X:XX:X2BU:XXXX:JP,False,,,0,0.0006637969183730001,JTRDCFXU
733,,0001-01-01T00:00:00,2018-06-20,Fx:US:XX:XX:X:XX:X2BU:XXXX:JP,False,,,0,0.0,JTRDCFXU
734,,0001-01-01T00:00:00,2018-06-21,Fx:US:XX:XX:X:XX:X2BU:XXXX:JP,False,,,0,0.0,JTRDCFXU
735,,0001-01-01T00:00:00,2018-06-22,Fx:US:XX:XX:X:XX:X2BU:XXXX:JP,False,,,0,0.0,JTRDCFXU
736,,0001-01-01T00:00:00,2018-06-25,Fx:US:XX:XX:X:XX:X2BU:XXXX:JP,False,,,0,-0.00035038542396600004,JTRDCFXU
737,,0001-01-01T00:00:00,2018-06-26,Fx:US:XX:XX:X:XX:X2BU:XXXX:JP,False,,,0,0.0,JTRDCFXU
738,,0001-01-01T00:00:00,2018-06-27,Fx:US:XX:XX:X:XX:X2BU:XXXX:JP,False,,,0,0.0,JTRDCFXU
739,,0001-01-01T00:00:00,2018-06-28,Fx:US:XX:XX:X:XX:X2BU:XXXX:JP,False,,,0,0.0,JTRDCFXU
740,,0001-01-01T00:00:00,2018-06-29,Fx:US:XX:XX:X:XX:X2BU:XXXX:JP,False,,,0,0.0,JTRDCFXU
741,,0001-01-01T00:00:00,2018-07-02,Fx:US:XX:XX:X:XX:X2BU:XXXX:JP,False,,,0,0.0,JTRDCFXU
742,,0001-01-01T00:00:00,2018-07-03,Fx:US:XX:XX:X:XX:X2BU:XXXX:JP,False,,,0,0.0,JTRDCFXU
743,,0001-01-01T00:00:00,2018-07-04,Fx:US:XX:XX:X:XX:X2BU:XXXX:JP,False,,,0,6.021375884300001e-05,JTRDCFXU
744,,0001-01-01T00:00:00,2018-07-05,Fx:US:XX:XX:X:XX:X2BU:XXXX:JP,False,,,0,9.0282584489e-05,JTRDCFXU
745,,0001-01-01T00:00:00,2018-07-06,Fx:US:XX:XX:X:XX:X2BU:XXXX:JP,False,,,0,0.000170426065162,JTRDCFXU
746,,0001-01-01T00:00:00,2018-07-09,Fx:US:XX:XX:X:XX:X2BU:XXXX:JP,False,,,0,0.0,JTRDCFXU
747,,0001-01-01T00:00:00,2018-07-10,Fx:US:XX:XX:X:XX:X2BU:XXXX:JP,False,,,0,0.000130170523385,JTRDCFXU
748,,0001-01-01T00:00:00,2018-07-11,Fx:US:XX:XX:X:XX:X2BU:XXXX:JP,False,,,0,1.00040016e-05,JTRDCFXU
749,,0001-01-01T00:00:00,2018-07-12,Fx:US:XX:XX:X:XX:X2BU:XXXX:JP,False,,,0,0.000210069322876,JTRDCFXU
750,,0001-01-01T00:00:00,2018-07-13,Fx:US:XX:XX:X:XX:X2BU:XXXX:JP,False,,,0,-1.9977225962e-05,JTRDCFXU
751,,0001-01-01T00:00:00,2018-07-16,Fx:US:XX:XX:X:XX:X2BU:XXXX:JP,False,,,0,-0.00016983016983000002,JTRDCFXU
752,,0001-01-01T00:00:00,2018-07-17,Fx:US:XX:XX:X:XX:X2BU:XXXX:JP,False,,,0,0.00027005130974800003,JTRDCFXU
753,,0001-01-01T00:00:00,2018-07-18,Fx:US:XX:XX:X:XX:X2BU:XXXX:JP,False,,,0,0.00014974543276400002,JTRDCFXU
754,,0001-01-01T00:00:00,2018-07-19,Fx:US:XX:XX:X:XX:X2BU:XXXX:JP,False,,,0,0.000149588631264,JTRDCFXU
755,,0001-01-01T00:00:00,2018-07-20,Fx:US:XX:XX:X:XX:X2BU:XXXX:JP,False,,,0,-0.0005678421996410001,JTRDCFXU
756,,0001-01-01T00:00:00,2018-07-23,Fx:US:XX:XX:X:XX:X2BU:XXXX:JP,False,,,0,7.0013302527e-05,JTRDCFXU
757,,0001-01-01T00:00:00,2018-07-24,Fx:US:XX:XX:X:XX:X2BU:XXXX:JP,False,,,0,-9.997000899e-06,JTRDCFXU
758,,0001-01-01T00:00:00,2018-07-25,Fx:US:XX:XX:X:XX:X2BU:XXXX:JP,False,,,0,9.997700528800001e-05,JTRDCFXU
759,,0001-01-01T00:00:00,2018-07-26,Fx:US:XX:XX:X:XX:X2BU:XXXX:JP,False,,,0,0.000179832755537,JTRDCFXU
760,,0001-01-01T00:00:00,2018-07-27,Fx:US:XX:XX:X:XX:X2BU:XXXX:JP,False,,,0,9.9781478561e-05,JTRDCFXU
761,,0001-01-01T00:00:00,2018-07-30,Fx:US:XX:XX:X:XX:X2BU:XXXX:JP,False,,,0,0.000289164315129,JTRDCFXU
762,,0001-01-01T00:00:00,2018-07-31,Fx:US:XX:XX:X:XX:X2BU:XXXX:JP,False,,,0,-9.9510408788e-05,JTRDCFXU
763,,0001-01-01T00:00:00,2018-08-01,Fx:US:XX:XX:X:XX:X2BU:XXXX:JP,False,,,0,0.000179243592041,JTRDCFXU
764,,0001-01-01T00:00:00,2018-08-02,Fx:US:XX:XX:X:XX:X2BU:XXXX:JP,False,,,0,-0.00018896447467800002,JTRDCFXU
765,,0001-01-01T00:00:00,2018-08-03,Fx:US:XX:XX:X:XX:X2BU:XXXX:JP,False,,,0,0.000368470845989,JTRDCFXU
766,,0001-01-01T00:00:00,2018-08-06,Fx:US:XX:XX:X:XX:X2BU:XXXX:JP,False,,,0,-0.000238393229632,JTRDCFXU
767,,0001-01-01T00:00:00,2018-08-07,Fx:US:XX:XX:X:XX:X2BU:XXXX:JP,False,,,0,0.0,JTRDCFXU
768,,0001-01-01T00:00:00,2018-08-08,Fx:US:XX:XX:X:XX:X2BU:XXXX:JP,False,,,0,0.0,JTRDCFXU
769,,0001-01-01T00:00:00,2018-08-09,Fx:US:XX:XX:X:XX:X2BU:XXXX:JP,False,,,0,0.0,JTRDCFXU
770,,0001-01-01T00:00:00,2018-08-10,Fx:US:XX:XX:X:XX:X2BU:XXXX:JP,False,,,0,0.0,JTRDCFXU
771,,0001-01-01T00:00:00,2018-08-13,Fx:US:XX:XX:X:XX:X2BU:XXXX:JP,False,,,0,0.0,JTRDCFXU
772,,0001-01-01T00:00:00,2018-08-14,Fx:US:XX:XX:X:XX:X2BU:XXXX:JP,False,,,0,0.0,JTRDCFXU
773,,0001-01-01T00:00:00,2018-08-15,Fx:US:XX:XX:X:XX:X2BU:XXXX:JP,False,,,0,0.0,JTRDCFXU
774,,0001-01-01T00:00:00,2018-08-16,Fx:US:XX:XX:X:XX:X2BU:XXXX:JP,False,,,0,0.0,JTRDCFXU
775,,0001-01-01T00:00:00,2018-08-17,Fx:US:XX:XX:X:XX:X2BU:XXXX:JP,False,,,0,0.0,JTRDCFXU
776,,0001-01-01T00:00:00,2018-08-20,Fx:US:XX:XX:X:XX:X2BU:XXXX:JP,False,,,0,0.0,JTRDCFXU
777,,0001-01-01T00:00:00,2018-08-21,Fx:US:XX:XX:X:XX:X2BU:XXXX:JP,False,,,0,0.000288539987662,JTRDCFXU
778,,0001-01-01T00:00:00,2018-08-22,Fx:US:XX:XX:X:XX:X2BU:XXXX:JP,False,,,0,0.00019859198284100002,JTRDCFXU
779,,0001-01-01T00:00:00,2018-08-23,Fx:US:XX:XX:X:XX:X2BU:XXXX:JP,False,,,0,-0.000128905591527,JTRDCFXU
780,,0001-01-01T00:00:00,2018-08-24,Fx:US:XX:XX:X:XX:X2BU:XXXX:JP,False,,,0,1.9849540483000002e-05,JTRDCFXU
781,,0001-01-01T00:00:00,2018-08-27,Fx:US:XX:XX:X:XX:X2BU:XXXX:JP,False,,,0,0.000724407573532,JTRDCFXU
782,,0001-01-01T00:00:00,2018-08-28,Fx:US:XX:XX:X:XX:X2BU:XXXX:JP,False,,,0,0.0006615127908920001,JTRDCFXU
783,,0001-01-01T00:00:00,2018-08-29,Fx:US:XX:XX:X:XX:X2BU:XXXX:JP,False,,,0,-0.00043242393269900004,JTRDCFXU
784,,0001-01-01T00:00:00,2018-08-30,Fx:US:XX:XX:X:XX:X2BU:XXXX:JP,False,,,0,-0.00020701076455900003,JTRDCFXU
785,,0001-01-01T00:00:00,2018-08-31,Fx:US:XX:XX:X:XX:X2BU:XXXX:JP,False,,,0,-0.000770012932268,JTRDCFXU
786,,0001-01-01T00:00:00,2018-09-03,Fx:US:XX:XX:X:XX:X2BU:XXXX:JP,False,,,0,-0.000367242012486,JTRDCFXU
787,,0001-01-01T00:00:00,2018-09-04,Fx:US:XX:XX:X:XX:X2BU:XXXX:JP,False,,,0,0.001164271782828,JTRDCFXU
788,,0001-01-01T00:00:00,2018-09-05,Fx:US:XX:XX:X:XX:X2BU:XXXX:JP,False,,,0,6.9094175361e-05,JTRDCFXU
789,,0001-01-01T00:00:00,2018-09-06,Fx:US:XX:XX:X:XX:X2BU:XXXX:JP,False,,,0,0.00010852407261200001,JTRDCFXU
790,,0001-01-01T00:00:00,2018-09-07,Fx:US:XX:XX:X:XX:X2BU:XXXX:JP,False,,,0,-0.000423908435777,JTRDCFXU
791,,0001-01-01T00:00:00,2018-09-10,Fx:US:XX:XX:X:XX:X2BU:XXXX:JP,False,,,0,7.910140800500001e-05,JTRDCFXU
792,,0001-01-01T00:00:00,2018-09-11,Fx:US:XX:XX:X:XX:X2BU:XXXX:JP,False,,,0,-0.00023717289904300003,JTRDCFXU
793,,0001-01-01T00:00:00,2018-09-12,Fx:US:XX:XX:X:XX:X2BU:XXXX:JP,False,,,0,-0.001445201140323,JTRDCFXU
794,,0001-01-01T00:00:00,2018-09-13,Fx:US:XX:XX:X:XX:X2BU:XXXX:JP,False,,,0,2.9999400011000003e-05,JTRDCFXU
795,,0001-01-01T00:00:00,2018-09-14,Fx:US:XX:XX:X:XX:X2BU:XXXX:JP,False,,,0,0.00026993791427900004,JTRDCFXU
796,,0001-01-01T00:00:00,2018-09-17,Fx:US:XX:XX:X:XX:X2BU:XXXX:JP,False,,,0,0.0,JTRDCFXU
797,,0001-01-01T00:00:00,2018-09-18,Fx:US:XX:XX:X:XX:X2BU:XXXX:JP,False,,,0,0.0,JTRDCFXU
798,,0001-01-01T00:00:00,2018-09-19,Fx:US:XX:XX:X:XX:X2BU:XXXX:JP,False,,,0,0.0,JTRDCFXU
799,,0001-01-01T00:00:00,2018-09-20,Fx:US:XX:XX:X:XX:X2BU:XXXX:JP,False,,,0,0.0,JTRDCFXU
800,,0001-01-01T00:00:00,2018-09-21,Fx:US:XX:XX:X:XX:X2BU:XXXX:JP,False,,,0,0.0,JTRDCFXU
801,,0001-01-01T00:00:00,2018-09-24,Fx:US:XX:XX:X:XX:X2BU:XXXX:JP,False,,,0,7.9830758791e-05,JTRDCFXU
802,,0001-01-01T00:00:00,2018-09-25,Fx:US:XX:XX:X:XX:X2BU:XXXX:JP,False,,,0,0.00010970598795200002,JTRDCFXU
803,,0001-01-01T00:00:00,2018-09-26,Fx:US:XX:XX:X:XX:X2BU:XXXX:JP,False,,,0,0.000109621804773,JTRDCFXU
804,,0001-01-01T00:00:00,2018-09-27,Fx:US:XX:XX:X:XX:X2BU:XXXX:JP,False,,,0,0.0005377307761240001,JTRDCFXU
805,,0001-01-01T00:00:00,2018-09-28,Fx:US:XX:XX:X:XX:X2BU:XXXX:JP,False,,,0,-0.0007738095238090001,JTRDCFXU
806,,0001-01-01T00:00:00,2018-10-01,Fx:US:XX:XX:X:XX:X2BU:XXXX:JP,False,,,0,0.0005685558680950001,JTRDCFXU
